Driver,Round,Avg_Speed,Max_Speed,Avg_Throttle,Brake_Pct,Avg_RPM,Brake_Zones,Brake_Time_Pct,Mean_Entry_Speed,Mean_Apex_Speed,Mean_Exit_Speed,Mean_Brake_Duration,Std_Brake_Duration,Mean_Peak_Decel,Max_Peak_Decel,Sector1_Ratio,Sector2_Ratio,Sector3_Ratio,Speed_Pct_10,Speed_Pct_20,Speed_Pct_30,Speed_Pct_40,Speed_Pct_50,Speed_Pct_60,Speed_Pct_70,Speed_Pct_80,Speed_Pct_90,Brake_First_Third,Brake_Mid_Third,Brake_Last_Third
ALB,1,248.6315789473684,332.0,79.7719298245614,12.982456140350877,10760.905263157894,7.0,14.431517715494438,273.42857142857144,164.28571428571428,164.28571428571428,1.5594285714285705,0.7851554636126628,-13.741433435026753,-15.0,1.2767998151072764,1.2056163168785103,,246.64285714285714,189.22222222222223,263.5769230769231,275.1304347826087,316.60869565217394,295.0,295.4347826086956,203.07894736842104,179.86111111111111,14.583333333333334,7.4074074074074066,15.887850467289718
ALO,1,247.04347826086956,331.0,81.40133779264214,10.702341137123746,10845.260869565218,7.0,15.556639723625059,266.7142857142857,162.14285714285714,162.14285714285714,1.6854285714285726,0.6924199504311683,-13.849206349206352,-15.0,1.0140595508647587,1.019923145137452,,251.2,191.55555555555554,261.9032258064516,272.32142857142856,313.625,296.40909090909093,294.2,201.46153846153845,177.66666666666666,12.121212121212121,5.813953488372093,13.274336283185843
ANT,1,248.13167259786476,329.0,81.04982206405694,12.811387900355871,10928.02491103203,6.0,14.775042389032745,289.6666666666667,159.83333333333334,159.83333333333334,1.8735000000000006,0.6494083846086375,-15.0,-15.0,1.3065367281691769,1.3227904227017442,,243.07692307692307,181.12121212121212,263.60714285714283,271.38461538461536,309.64,296.1,285.5,207.61764705882354,187.4,15.463917525773196,6.25,15.53398058252427
BOR,1,247.07849829351537,331.0,80.47098976109216,11.945392491467576,10763.79180887372,8.0,17.7213198568451,277.0,172.25,172.25,1.6897500000000014,0.7696138236154547,-12.58825231481481,-15.0,1.2370093601941374,1.1866390777416493,,239.10344827586206,189.5897435897436,262.25,262.2916666666667,307.0740740740741,305.4583333333333,284.25,208.41666666666666,184.47368421052633,11.428571428571429,7.0588235294117645,16.666666666666664
DOO,1,246.0842105263158,331.0,79.93684210526315,12.982456140350877,10696.428070175438,7.0,16.786842105263165,294.2857142857143,175.0,175.0,1.8225714285714292,0.8392407890711806,-13.518518518518515,-15.0,1.2696737413813028,1.2390186225243867,,242.41379310344828,187.28571428571428,264.6296296296296,263.1363636363636,308.5263157894737,305.77777777777777,293.0769230769231,196.24324324324326,180.71052631578948,13.0,9.210526315789473,15.887850467289718
GAS,1,248.48387096774192,329.0,81.67383512544802,12.186379928315413,10814.09677419355,7.0,15.628299894403378,278.42857142857144,166.42857142857142,166.42857142857142,1.6914285714285715,0.7825859801494849,-13.565759637188208,-15.0,1.280882862755672,1.1940289683712682,,249.1,189.05714285714285,268.2173913043478,271.9642857142857,314.95238095238096,294.22727272727275,295.625,199.9375,180.33333333333334,12.121212121212121,8.860759493670885,15.0
HAD,1,248.8833922261484,333.0,81.86925795053004,11.307420494699647,10730.30035335689,6.0,15.13207497255328,289.5,161.66666666666666,161.66666666666666,1.9066666666666674,0.7496196072379347,-15.0,-15.0,1.216979315126536,1.155719775347325,,244.72413793103448,193.85714285714286,265.6666666666667,263.95652173913044,310.4166666666667,306.7307692307692,291.2608695652174,210.08333333333334,181.89473684210526,13.541666666666666,5.063291139240507,14.018691588785046
HAM,1,247.91166077738515,326.0,82.03533568904594,14.487632508833922,10888.261484098939,8.0,16.382772836331338,274.875,173.5,173.5,1.5448749999999998,0.6698224461564407,-12.624421296296306,-15.0,1.0146758599437617,1.0085722731303577,,249.3793103448276,192.7058823529412,255.41176470588235,280.2307692307692,315.4347826086956,288.375,300.8636363636364,199.97142857142856,177.14285714285714,16.831683168316832,4.938271604938271,20.0
HUL,1,245.4,332.0,80.45423728813559,14.237288135593221,10882.969491525424,8.0,16.824174235354434,269.375,169.375,169.375,1.6000000000000008,0.7040102982201312,-13.449074074074051,-15.0,1.2712915527136859,1.1349098433343188,,241.44444444444446,189.69230769230768,253.85185185185185,265.0,307.52,318.27272727272725,281.60714285714283,200.28571428571428,178.1891891891892,17.0,9.876543209876543,15.178571428571427
LAW,1,248.63859649122807,332.0,80.47719298245615,11.929824561403509,10710.585964912281,7.0,16.258256145698976,275.14285714285717,157.71428571428572,157.71428571428572,1.7828571428571416,0.7403034954031493,-13.51851851851852,-15.0,1.022610839335927,1.0163168785101981,,241.67741935483872,193.9,263.28,263.25,313.6,299.5,286.3478260869565,224.1290322580645,183.05263157894737,13.592233009708737,7.228915662650602,14.285714285714285
LEC,1,248.15331010452962,329.0,80.88501742160278,13.588850174216027,10804.296167247387,8.0,14.02972432868808,263.875,177.125,177.125,1.3251249999999999,0.7056301151276066,-12.574003928170598,-15.0,1.0161010746889567,1.0099320130062075,,251.60714285714286,192.07692307692307,262.92857142857144,274.52,314.3478260869565,304.2,288.1923076923077,210.71875,179.3095238095238,16.831683168316832,8.974358974358974,14.018691588785046
NOR,1,250.11870503597123,329.0,79.16187050359713,10.79136690647482,10779.669064748201,8.0,14.186105646337706,266.625,179.5,179.5,1.3249999999999997,0.8026302075052995,-12.552083333333343,-15.0,1.0246138438426873,1.3586757315991724,,259.3333333333333,184.10256410256412,264.03225806451616,286.2307692307692,318.7142857142857,293.875,301.3333333333333,204.58064516129033,187.35135135135135,14.85148514851485,2.4691358024691357,13.684210526315791
OCO,1,243.68456375838926,331.0,80.40939597315436,17.78523489932886,10728.577181208053,10.0,19.29198003154287,262.8,175.9,176.7,1.4801000000000006,0.8072374433832944,-10.674107142857142,-15.0,1.2616617233542622,1.3971622819982263,,239.10344827586206,186.6216216216216,260.51724137931035,269.23333333333335,315.5263157894737,299.95454545454544,281.8333333333333,204.975,181.52380952380952,18.095238095238095,10.256410256410255,23.008849557522122
PIA,1,252.31294964028777,328.0,80.7589928057554,10.431654676258994,10813.604316546762,7.0,16.473262032085564,280.57142857142856,167.85714285714286,167.85714285714286,1.7602857142857147,0.9068691375568264,-13.973214285714286,-15.0,1.2120103231770734,1.3210759680756725,,245.57692307692307,194.76470588235293,270.0,278.4642857142857,315.6190476190476,298.2692307692308,296.0869565217391,209.75,184.05555555555554,12.76595744680851,4.597701149425287,13.541666666666666
RUS,1,250.09893992932862,332.0,81.113074204947,11.66077738515901,10944.533568904593,7.0,15.70992569002124,279.57142857142856,175.0,175.0,1.6912857142857152,0.7751637088449141,-13.479126237746936,-15.0,1.1590847810176805,1.138102276086314,,248.8125,191.76923076923077,268.6296296296296,275.84,316.5,299.6190476190476,290.03846153846155,208.75,184.56756756756758,14.814814814814813,2.7027027027027026,15.0
SAI,1,247.22299651567945,331.0,79.5226480836237,15.6794425087108,10736.560975609756,7.0,15.125594923320998,287.42857142857144,175.42857142857142,175.42857142857142,1.6344285714285718,0.6409840330400158,-13.65079365079367,-15.0,1.2756827549015832,1.2325746378953593,,242.46153846153845,185.57142857142858,259.76,267.2,310.4736842105263,307.7307692307692,280.5,214.77142857142857,180.5,16.666666666666664,11.904761904761903,17.92452830188679
STR,1,244.95847750865053,331.0,79.82006920415225,12.802768166089965,10860.512110726644,8.0,14.962982548915916,262.875,169.75,169.75,1.4147499999999997,0.6550976549339803,-13.512205387205364,-15.0,1.3400870536574092,1.3186520839491576,,236.79166666666666,186.6315789473684,258.93548387096774,281.03846153846155,316.7,290.9583333333333,297.12,205.5151515151515,179.95454545454547,17.346938775510203,4.878048780487805,14.814814814814813
TSU,1,247.1888111888112,333.0,79.98251748251748,12.237762237762238,10782.234265734265,6.0,14.303306365116988,299.0,165.66666666666666,165.66666666666666,1.8003333333333336,0.5154291631468125,-15.0,-15.0,1.1839297407649938,1.1687259828554537,,243.92592592592592,191.97297297297297,267.32142857142856,269.53846153846155,317.5652173913044,298.2307692307692,291.4782608695652,199.16216216216216,182.1578947368421,13.26530612244898,7.142857142857142,15.53398058252427
VER,1,248.92418772563178,334.0,80.4187725631769,12.63537906137184,10812.740072202167,7.0,15.866402204443508,279.85714285714283,166.14285714285714,166.14285714285714,1.7027142857142867,0.7919083125654152,-13.852762132332023,-15.0,1.0193752166711605,1.0489506355305942,,255.06666666666666,180.64864864864865,264.56,274.95454545454544,316.95454545454544,299.11538461538464,299.35,207.85294117647058,176.1764705882353,16.50485436893204,5.263157894736842,14.432989690721648
ALB,2,213.14619883040936,331.0,67.88888888888889,19.5906432748538,10202.923976608186,11.0,23.77670875485739,208.9090909090909,113.63636363636364,113.63636363636364,1.9635454545454543,1.2031482462603422,-11.606240981240974,-15.0,1.0121946126539987,1.011559842432721,1.0094119437820286,182.80434782608697,216.06896551724137,194.58333333333334,231.0,205.78947368421052,163.73809523809524,292.04,324.95,166.1,25.40983606557377,18.181818181818183,14.285714285714285
ALO,2,210.4089552238806,330.0,67.71044776119403,19.402985074626866,10271.64776119403,9.0,24.547954245490537,245.55555555555554,127.88888888888889,127.88888888888889,2.4798888888888886,1.5103083161647965,-13.167009602194788,-15.0,1.0050950093965336,1.0146154695725802,1.0163123446141358,185.66666666666666,201.69767441860466,177.02777777777777,208.9142857142857,217.03030303030303,171.78571428571428,295.0,323.95238095238096,157.9189189189189,25.806451612903224,16.101694915254235,15.217391304347828
ANT,2,210.47337278106508,336.0,67.5414201183432,19.230769230769234,10578.881656804733,8.0,24.148740080131574,247.375,116.625,116.625,2.734875000000001,1.4970969772780247,-14.139384920634928,-15.0,1.0096471079557319,1.0050804403048264,1.0052767771069053,195.5121951219512,187.26315789473685,185.92857142857142,238.62962962962962,196.97058823529412,168.09756097560975,285.6363636363636,327.0833333333333,166.62790697674419,25.984251968503933,14.15929203539823,16.49484536082474
BEA,2,212.40469208211144,329.0,68.4633431085044,20.527859237536656,10256.33724340176,11.0,23.397348612760208,224.36363636363637,127.63636363636364,127.63636363636364,1.9526363636363635,1.4965380214303867,-12.094210503301412,-15.0,1.0201294633535185,1.016051246180466,1.0145618752854026,209.03125,170.625,188.2941176470588,247.03225806451613,191.2051282051282,171.425,287.51851851851853,322.7826086956522,171.32558139534885,24.347826086956523,22.88135593220339,14.018691588785046
BOR,2,210.5693215339233,332.0,67.58407079646018,18.58407079646018,10236.746312684365,8.0,23.18008708082803,247.25,112.75,112.75,2.6552499999999997,1.0714606560672215,-13.848379629629626,-15.0,1.0238463144706618,1.0130324338254242,1.0175046932873306,197.16666666666666,182.88888888888889,180.21052631578948,230.73333333333332,203.9375,166.6904761904762,296.25925925925924,327.04761904761904,161.575,20.3125,18.96551724137931,15.957446808510639
DOO,2,212.4927536231884,333.0,68.52753623188406,20.28985507246377,10216.342028985508,11.0,25.08601916376309,221.1818181818182,116.81818181818181,116.81818181818181,2.0944545454545476,1.4114783586809947,-12.159466926316448,-15.0,1.0192942159114637,1.0181128741302508,1.0155259018722411,210.8125,184.41463414634146,185.47619047619048,240.11764705882354,193.72727272727272,173.35714285714286,285.48,324.04545454545456,172.13333333333333,25.40983606557377,19.82758620689655,15.238095238095239
GAS,2,210.86666666666667,332.0,68.01739130434783,19.710144927536234,10211.240579710146,8.0,23.294361888111904,250.125,115.375,115.375,2.6648750000000017,1.2162366584571438,-13.776041666666664,-15.0,1.0076425140948007,1.0161248757501011,1.0214369069968035,173.9047619047619,231.58620689655172,179.0487804878049,230.6060606060606,194.69444444444446,163.42857142857142,290.3478260869565,324.40909090909093,168.3409090909091,25.0,17.796610169491526,15.841584158415841
HAD,2,212.53658536585365,334.0,68.9451219512195,17.682926829268293,10149.871951219513,9.0,21.86616607773854,232.77777777777777,117.88888888888889,117.88888888888889,2.2002222222222247,1.4366320782980797,-12.901234567901232,-15.0,1.374566715389434,1.270515038839598,,198.0,180.8421052631579,181.26315789473685,239.58064516129033,195.36363636363637,175.88095238095238,292.5416666666667,325.7,175.05405405405406,21.138211382113823,16.8141592920354,14.285714285714285
HAM,2,213.90350877192984,332.0,70.62865497076024,23.976608187134502,10293.868421052632,9.0,24.64933628318583,243.11111111111111,111.77777777777777,111.77777777777777,2.4758888888888877,1.4713021779245192,-13.57463524130189,-15.0,1.3557736479432032,1.3040533078084158,,184.51351351351352,201.31578947368422,183.90243902439025,242.7741935483871,212.33333333333334,165.47727272727272,290.22727272727275,325.96,177.37777777777777,32.52032520325203,22.413793103448278,15.686274509803921
HUL,2,214.27065527065528,335.0,69.02279202279202,17.663817663817664,10353.353276353277,9.0,23.742882172579954,244.33333333333334,112.66666666666667,112.66666666666667,2.4091111111111125,1.5189081198489955,-13.467078189300402,-15.0,1.0129880977239507,1.0117071015719914,1.0121010705768938,191.08823529411765,187.55263157894737,187.07142857142858,232.55882352941177,208.45945945945945,170.68085106382978,292.14814814814815,327.875,172.1219512195122,22.950819672131146,14.84375,15.0
LAW,2,212.80115273775215,334.0,68.38328530259366,16.138328530259365,10200.64265129683,10.0,21.399288828960106,227.0,120.4,120.4,1.9679000000000002,1.5564220796429236,-12.184027777777807,-15.0,1.0240968887032782,1.0168979862312704,1.0155259018722411,187.64705882352942,201.56410256410257,181.41463414634146,236.2941176470588,202.61111111111111,160.3,290.68,328.0416666666667,164.52380952380952,21.138211382113823,14.049586776859504,12.745098039215685
LEC,2,212.61011904761904,334.0,69.41369047619048,19.047619047619047,10232.794642857143,8.0,21.331713780918747,249.875,116.25,116.25,2.414750000000002,1.285407595862105,-14.137731481481488,-15.0,1.3700563792023386,1.3163494459374885,,176.25,203.71875,180.5,237.53333333333333,199.91666666666666,169.27906976744185,293.0,329.09090909090907,163.1627906976744,23.47826086956522,17.796610169491526,15.686274509803921
NOR,2,213.57848837209303,329.0,67.3546511627907,16.27906976744186,10306.892441860466,11.0,23.7632743362832,203.72727272727272,113.81818181818181,113.81818181818181,1.952909090909092,1.5830790168383007,-12.436790100171804,-15.0,1.0003758613489246,1.0034605897728528,1.0040083210715918,193.46153846153845,195.4090909090909,186.44736842105263,231.45454545454547,204.75862068965517,177.95454545454547,292.69565217391306,323.1,170.875,19.696969696969695,14.912280701754385,13.402061855670103
OCO,2,212.97988505747125,328.0,69.33908045977012,20.689655172413794,10203.706896551725,9.0,24.6832529592284,239.33333333333334,114.88888888888889,114.88888888888889,2.502333333333332,1.6893126149742415,-13.092981281364485,-15.0,1.0125704740029233,1.012001619850532,1.0119742249733625,199.2,182.29268292682926,181.5,248.16666666666666,195.28947368421052,163.31578947368422,279.60714285714283,319.8076923076923,177.66666666666666,25.0,22.321428571428573,13.592233009708737
PIA,2,214.5679758308157,330.0,66.7703927492447,16.314199395770395,10328.359516616314,10.0,23.71558614564832,224.0,119.9,119.9,2.1363000000000008,1.6502384100486815,-12.320932539682536,-15.0,1.0021298809772394,1.0023561462283253,1.0,201.5151515151515,176.73684210526315,190.525,236.4,203.6969696969697,169.83333333333334,294.96153846153845,325.6363636363636,171.66666666666666,20.833333333333336,13.88888888888889,13.725490196078432
RUS,2,213.94736842105263,335.0,70.58479532163743,18.71345029239766,10577.035087719298,9.0,24.83229675699688,242.0,115.77777777777777,115.77777777777777,2.4843333333333324,1.2999210232420533,-13.1520061728395,-15.0,1.0051367717686366,1.0021352575194198,1.0004059059313004,197.5625,190.5,174.33333333333334,249.06451612903226,199.25641025641025,178.97727272727272,293.81481481481484,328.72222222222223,173.46808510638297,24.347826086956523,16.260162601626014,15.53398058252427
SAI,2,210.91176470588235,331.0,67.37647058823529,21.470588235294116,10194.458823529412,8.0,23.572212467076376,252.25,113.125,113.125,2.6848749999999995,1.139125260616673,-13.90625,-15.0,1.014366256003341,1.0116702867871736,1.0111877822314679,159.93617021276594,234.61290322580646,180.88235294117646,208.77777777777777,219.11764705882354,165.47727272727272,297.9166666666667,326.0952380952381,172.1951219512195,28.09917355371901,17.88617886178862,17.894736842105264
STR,2,213.0284090909091,327.0,68.91477272727273,19.886363636363637,10224.380681818182,10.0,23.79348432322481,226.5,113.2,113.2,2.1757,1.3143036216947737,-12.368386243386238,-15.0,1.0134474838170808,1.0083937709384088,1.0176822771322747,208.13513513513513,175.34146341463415,184.8684210526316,249.06060606060606,201.62222222222223,171.8095238095238,288.3703703703704,322.23809523809524,163.70731707317074,26.984126984126984,17.829457364341085,13.541666666666666
TSU,2,214.6315789473684,332.0,69.046783625731,17.543859649122805,10251.78947368421,10.0,23.898284569932112,243.4,131.6,131.6,2.1719000000000004,1.0451385984643369,-11.888888888888886,-15.0,1.0138233451660055,1.0014725913927032,1.0086508701608403,205.46875,183.92857142857142,188.46341463414635,229.66666666666666,210.05405405405406,169.5,298.16,326.82608695652175,164.9777777777778,22.5,16.52173913043478,13.20754716981132
VER,2,215.19277108433735,336.0,67.4066265060241,20.180722891566266,10302.2078313253,12.0,24.02960144246192,206.58333333333334,114.0,114.0,1.81025,1.3246819193678157,-11.147486772486772,-15.0,1.0,1.0055222177226373,1.003577046019585,208.0857142857143,180.0,188.83783783783784,247.51724137931035,198.27777777777777,171.3846153846154,289.85185185185185,328.95,173.1219512195122,24.390243902439025,18.96551724137931,16.304347826086957
ALB,3,239.19266055045873,325.0,78.86544342507645,15.29051987767584,10626.74617737003,10.0,18.461978928080626,261.4,179.2,179.2,1.6121000000000003,0.7751218549363708,-13.671296296296285,-15.0,,,,277.14285714285717,233.08823529411765,236.45454545454547,228.54545454545453,179.1818181818182,286.0,236.59375,299.375,206.4418604651163,15.238095238095239,17.543859649122805,13.084112149532709
ALO,3,234.61682242990653,321.0,76.60436137071652,14.330218068535824,10648.785046728972,10.0,17.91248860528714,260.6,180.8,180.8,1.5719999999999996,0.9457485923859463,-13.972222222222223,-15.0,1.0090585677580868,1.0129601755236368,1.0205754141238015,283.36,232.5483870967742,237.5142857142857,225.51351351351352,173.14285714285714,281.3333333333333,233.54285714285714,297.2083333333333,184.67567567567568,12.244897959183673,19.82758620689655,10.377358490566039
ANT,3,237.04601226993864,324.0,78.96319018404908,10.122699386503067,10767.86809815951,11.0,19.32348901098902,248.0909090909091,173.36363636363637,173.36363636363637,1.5346363636363642,0.7566462212502146,-12.227662108614497,-15.0,1.3448514394887674,,,264.53333333333336,234.3235294117647,242.84375,227.96969696969697,178.97674418604652,284.84,228.42857142857142,297.18518518518516,197.76923076923077,7.6923076923076925,12.612612612612612,10.0
BEA,3,236.4576802507837,320.0,79.4012539184953,18.181818181818183,10532.35736677116,10.0,19.22247706422017,265.4,182.4,182.4,1.6761999999999986,0.8795100681629516,-12.634259259259261,-15.0,1.0102444166282363,1.011276373191826,1.0115082824760244,271.1111111111111,230.7058823529412,244.1875,226.64864864864865,178.34146341463415,284.56,230.44117647058823,297.0,201.75675675675674,23.232323232323232,18.96551724137931,12.62135922330097
BOR,3,233.9189189189189,321.0,76.58258258258259,12.912912912912914,10583.447447447448,12.0,19.501131221719472,243.66666666666666,174.83333333333334,174.83333333333334,1.4365833333333347,0.8147076631460439,-11.703854543766823,-15.0,1.023782857895777,1.0204862617037018,1.0195873292647488,266.5,228.85294117647058,235.03030303030303,217.66666666666666,176.97674418604652,276.6333333333333,233.23529411764707,296.5,197.28571428571428,7.6190476190476195,21.008403361344538,9.25925925925926
DOO,3,233.80118694362017,325.0,76.57566765578635,13.353115727002967,10302.145400593472,9.0,23.761003595541062,269.44444444444446,173.11111111111111,173.11111111111111,2.342333333333332,1.0750832525902358,-12.08847736625514,-15.0,1.020587653995652,1.025231522820624,1.0292356873002035,269.9259259259259,228.05405405405406,237.7,220.87878787878788,172.33333333333334,283.0,232.52777777777777,299.35714285714283,191.5609756097561,8.571428571428571,22.413793103448278,8.695652173913043
GAS,3,235.46461538461537,324.0,77.82461538461538,10.461538461538462,10456.424615384616,11.0,18.590675473037148,262.09090909090907,189.54545454545453,189.54545454545453,1.4764545454545441,0.9328442687566151,-10.640495867768573,-15.0,1.007740957902365,1.016404316656887,1.0106945655332753,275.55172413793105,231.57142857142858,244.21212121212122,218.24242424242425,174.48837209302326,282.92,236.48387096774192,295.6923076923077,196.25641025641025,7.6190476190476195,14.545454545454545,9.174311926605505
HAD,3,236.7112462006079,324.0,78.3951367781155,12.158054711246201,10527.595744680852,9.0,16.68844566712516,268.55555555555554,178.66666666666666,178.66666666666666,1.6176666666666653,0.8863305127195913,-12.90852642250229,-15.0,1.1825877857566376,,,284.0344827586207,229.97058823529412,237.6875,233.125,174.62222222222223,279.3448275862069,235.5625,297.11538461538464,191.83333333333334,7.766990291262135,18.803418803418804,9.25925925925926
HAM,3,237.62079510703364,323.0,79.40978593272172,14.37308868501529,10550.195718654435,11.0,19.20004604051566,244.9090909090909,173.0909090909091,173.0909090909091,1.516454545454546,0.8475474096298383,-13.170995670995664,-15.0,1.0112326240200278,1.0065566242314463,1.0146469049694857,277.4074074074074,232.34285714285716,239.3548387096774,224.93103448275863,180.9047619047619,278.7307692307692,235.3030303030303,293.8965517241379,202.8,14.000000000000002,17.431192660550458,11.965811965811966
HUL,3,235.9359756097561,322.0,77.85060975609755,15.24390243902439,10634.731707317073,10.0,18.432609707107282,264.1,175.7,175.7,1.624300000000001,0.7153026003028362,-13.332892416225747,-15.0,1.023848738388563,1.0200780671990204,1.0173786689915725,279.0,226.25,229.02631578947367,230.20689655172413,181.04347826086956,283.4074074074074,223.9090909090909,296.76666666666665,200.5897435897436,15.53398058252427,18.58407079646018,11.711711711711711
LAW,3,235.555900621118,322.0,77.90683229813665,12.422360248447205,10582.403726708075,8.0,17.86089538602101,269.25,173.375,173.375,1.9548749999999995,1.1520650412954117,-12.454827092984997,-15.0,1.0171618683707755,1.0111488124091128,1.0109270560883465,275.46666666666664,231.66666666666666,237.7,221.875,167.3170731707317,280.2,233.14285714285714,300.4583333333333,196.3783783783784,6.862745098039216,22.123893805309734,7.547169811320755
LEC,3,239.24534161490683,326.0,78.3695652173913,16.149068322981368,10613.555900621119,11.0,17.70298165137615,264.27272727272725,188.9090909090909,188.9090909090909,1.4033636363636364,0.7539253969274627,-12.253008985963563,-15.0,1.0058304236115685,1.0039543842641017,1.0120313862249346,280.57575757575756,236.0,237.09375,232.2972972972973,178.95555555555555,286.7307692307692,235.90625,297.7083333333333,204.69230769230768,15.306122448979592,19.672131147540984,13.0
NOR,3,239.69040247678018,320.0,76.93498452012383,10.526315789473683,10783.02786377709,10.0,19.31608133086875,267.9,186.4,186.4,1.6719999999999993,0.978476468802392,-11.982142857142867,-15.0,1.0,1.0026532642804296,1.007614065678582,269.4,237.09677419354838,243.03333333333333,226.7058823529412,184.3409090909091,283.8076923076923,235.625,298.07142857142856,200.2051282051282,6.0,17.543859649122805,7.476635514018691
OCO,3,233.75375375375376,320.0,77.83783783783784,19.51951951951952,10461.78978978979,10.0,19.928668478260878,253.4,172.0,172.5,1.7601000000000007,1.0807443222150195,-11.824074074074076,-15.0,1.0224981882864483,1.023981427150037,1.0181923859343216,263.6666666666667,230.48387096774192,232.4,227.7027027027027,176.13953488372093,275.85185185185185,224.68571428571428,295.3076923076923,194.3846153846154,23.809523809523807,23.275862068965516,11.818181818181818
PIA,3,237.359756097561,319.0,76.27439024390245,12.195121951219512,10750.155487804877,11.0,20.86480884385074,253.1818181818182,177.45454545454547,177.45454545454547,1.6471818181818165,0.8939308309810722,-11.232864357864392,-15.0,1.3425456222412542,,,278.55172413793105,233.05882352941177,242.125,227.59459459459458,176.525,282.8888888888889,233.63888888888889,296.76,193.17073170731706,6.730769230769231,19.642857142857142,9.90990990990991
RUS,3,236.9297124600639,326.0,77.58466453674122,13.099041533546327,10767.111821086262,10.0,18.238139106402585,257.5,185.0,185.0,1.5838000000000005,0.6705057494160659,-12.670634920634944,-15.0,1.4427498517688913,,,288.45454545454544,239.96,237.1764705882353,235.0810810810811,177.57142857142858,279.0357142857143,232.05714285714285,298.8333333333333,192.3783783783784,7.865168539325842,17.094017094017094,13.20754716981132
SAI,3,234.33333333333334,322.0,77.42767295597484,16.9811320754717,10414.11320754717,9.0,20.588033012379654,264.8888888888889,170.77777777777777,170.77777777777777,1.9956666666666676,1.0646186589050992,-13.842436712807054,-15.0,1.2997233019302985,,,287.96153846153845,225.25,233.27586206896552,240.46875,172.7391304347826,270.5806451612903,230.96969696969697,296.8333333333333,193.55,20.212765957446805,17.24137931034483,14.018691588785046
STR,3,231.0589970501475,322.0,75.8613569321534,16.224188790560472,10499.08849557522,11.0,21.527284213851395,250.1818181818182,166.63636363636363,166.63636363636363,1.734727272727274,0.9513903788101717,-13.184523809523785,-15.0,1.0222676065616971,1.0328086333137738,1.0319093286835224,275.0,227.4375,230.05714285714285,229.92105263157896,169.64444444444445,275.8076923076923,223.38235294117646,289.28,201.8,11.538461538461538,21.367521367521366,15.384615384615385
TSU,3,233.66666666666666,321.0,77.76234567901234,11.11111111111111,10372.75925925926,10.0,18.393670309653913,261.5,182.0,182.0,1.6156999999999997,0.7461755892549675,-12.640873015873025,-15.0,1.0158442585150536,1.0122968594535295,1.0141819238593435,271.0,231.4,235.4375,224.77777777777777,178.43478260869566,282.68,227.35294117647058,295.5217391304348,199.4878048780488,8.24742268041237,16.379310344827587,8.181818181818182
VER,3,240.00928792569658,325.0,77.60681114551083,11.145510835913312,10558.752321981425,9.0,19.14696337505796,266.77777777777777,173.66666666666666,173.66666666666666,1.8355555555555567,0.9142321746338861,-13.279320987654351,-15.0,1.0009552671453983,1.0040309207337295,1.002092414995641,263.37931034482756,238.36363636363637,244.0625,231.57575757575756,181.11363636363637,283.7586206896552,235.25,296.92857142857144,205.1219512195122,5.0,17.796610169491526,9.615384615384617
ALB,4,210.2185628742515,323.0,69.46706586826348,19.760479041916167,10010.365269461077,8.0,21.496947230702133,273.25,117.125,117.125,2.464625,0.62502358705492,-15.0,-15.0,1.0158492926905565,1.0311608855705918,1.0246408397455855,205.5142857142857,240.21428571428572,203.27027027027026,166.47727272727272,174.57142857142858,241.6153846153846,231.53125,207.74193548387098,199.55882352941177,19.230769230769234,25.196850393700785,13.725490196078432
ALO,4,211.2874251497006,319.0,68.97604790419162,19.760479041916167,10307.134730538923,8.0,22.690290294674817,272.75,114.75,114.75,2.5901249999999987,0.5981998908182775,-15.0,-15.0,1.015988321573807,1.024057655415565,1.0185918249343948,192.44117647058823,240.67857142857142,198.0,162.975,172.0952380952381,236.70967741935485,242.14285714285714,206.32142857142858,220.6216216216216,19.047619047619047,25.396825396825395,13.861386138613863
ANT,4,215.09118541033433,318.0,71.85714285714286,19.756838905775076,10431.826747720364,9.0,22.08642126198598,262.44444444444446,128.44444444444446,128.44444444444446,2.2086666666666672,0.9933227068782816,-14.104938271604956,-15.0,,,,192.0,254.89655172413794,197.84848484848484,173.27906976744185,167.8421052631579,246.48,241.4,222.84375,222.5483870967742,16.666666666666664,26.08695652173913,16.161616161616163
BEA,4,208.87020648967552,315.0,69.19174041297936,21.533923303834808,10257.778761061947,8.0,24.56570566725622,274.125,117.375,117.375,2.830000000000001,0.7160307255977217,-15.0,-15.0,1.0190469570053178,1.0392751594338154,1.0214384201396611,189.9512195121951,250.0,186.125,166.08510638297872,171.97674418604652,239.36363636363637,231.10344827586206,222.20689655172413,208.80645161290323,15.74074074074074,28.35820895522388,18.947368421052634
BOR,4,211.66862170087975,320.0,69.11730205278593,21.700879765395893,10279.296187683285,8.0,22.51086484137331,273.5,116.375,116.375,2.5898749999999993,0.7031341332740149,-15.0,-15.0,1.028014319974975,1.0268056203660496,1.0230396299426234,210.1315789473684,232.9655172413793,196.8108108108108,165.48837209302326,181.19148936170214,237.8846153846154,241.03846153846155,207.6875,217.28947368421052,18.91891891891892,27.200000000000003,18.269230769230766
DOO,4,210.31778425655978,320.0,70.94460641399417,18.367346938775512,10062.810495626822,9.0,23.048281823118085,258.22222222222223,117.77777777777777,117.77777777777777,2.310999999999999,0.784658170443949,-13.796296296296298,-15.0,1.0112265823224775,1.0166174106911392,1.0201485566872748,196.07894736842104,239.19230769230768,199.66666666666666,169.06976744186048,169.85106382978722,261.03846153846155,231.4375,201.88235294117646,218.37142857142857,16.51376146788991,24.409448818897637,13.20754716981132
GAS,4,216.31464174454828,321.0,73.41744548286604,18.69158878504673,10294.143302180686,8.0,21.477512004367235,270.25,124.625,124.625,2.409749999999998,0.4805574237279056,-14.378858024691347,-15.0,1.0038928087310137,1.00311090371753,1.0069385758128364,194.21052631578948,249.61904761904762,207.65714285714284,167.175,175.10526315789474,249.46875,247.88888888888889,225.0,213.51724137931035,20.0,23.96694214876033,11.11111111111111
HAD,4,208.77126099706746,323.0,69.99120234604105,19.35483870967742,10035.1642228739,9.0,21.918772900826365,260.6666666666667,120.22222222222223,120.22222222222223,2.2133333333333343,0.9225376836627208,-14.259259259259247,-15.0,1.0107747384519132,1.0179654689687356,1.019570342036205,170.36111111111111,261.17241379310343,189.75675675675674,162.475,161.85365853658536,255.76,237.54285714285714,211.41176470588235,209.76315789473685,18.34862385321101,24.786324786324787,14.912280701754385
HAM,4,213.01242236024845,321.0,72.99068322981367,21.428571428571427,10238.422360248447,8.0,21.00219935677104,280.75,119.375,119.375,2.3753750000000005,0.5390403365008981,-15.0,-15.0,1.0063953286295226,1.0125473116607042,1.0122759418227105,190.52941176470588,250.1851851851852,197.3783783783784,165.21621621621622,169.10256410256412,250.66666666666666,235.25925925925927,222.32432432432432,204.36666666666667,19.81132075471698,27.82608695652174,16.0
HUL,4,211.96783625730995,321.0,71.13450292397661,19.298245614035086,10217.187134502923,8.0,22.672866520787732,277.5,116.5,116.5,2.5903749999999985,0.6988905381925004,-15.0,-15.0,1.0298564526780438,,,180.76190476190476,259.9259259259259,190.6578947368421,160.97560975609755,177.2,242.31034482758622,237.33333333333334,218.3030303030303,219.25,17.24137931034483,25.0,15.238095238095239
LAW,4,209.43952802359883,317.0,71.16224188790561,20.058997050147493,10090.542772861358,8.0,22.429224738675956,267.5,117.625,117.625,2.574875,0.7049390820312059,-15.0,-15.0,1.019325014771819,1.0338570021257842,1.021127073789085,197.6,248.45454545454547,186.65714285714284,167.6,168.25,223.1875,234.96875,225.9375,201.32258064516128,20.18348623853211,23.62204724409449,15.686274509803921
LEC,4,212.3228840125392,321.0,70.96865203761756,19.122257053291534,10158.075235109718,8.0,20.70258029250006,275.0,124.375,124.375,2.3197499999999973,0.5530465057298523,-14.752604166666668,-15.0,1.0053873692259565,1.0036293876704516,1.0023128586042789,201.64705882352942,237.76666666666668,198.5,164.5121951219512,171.375,267.5416666666667,226.1891891891892,221.93333333333334,207.12121212121212,17.525773195876287,24.576271186440678,14.563106796116504
NOR,4,216.04204204204206,319.0,70.95195195195195,18.31831831831832,10311.936936936936,8.0,22.384290164664005,270.875,122.625,122.625,2.514875000000001,0.7207456967440048,-14.957561728395063,-15.0,1.2216120399012893,1.2668377663711308,,198.62857142857143,254.36363636363637,193.65625,164.88095238095238,179.09756097560975,242.03703703703704,235.3235294117647,231.8148148148148,216.22222222222223,16.51376146788991,22.22222222222222,16.037735849056602
OCO,4,212.16816816816817,321.0,71.28828828828829,21.92192192192192,10171.645645645645,8.0,23.04653204565406,281.25,117.75,117.75,2.624999999999998,0.5157862929547474,-14.985119047619042,-15.0,,,,194.82857142857142,240.4814814814815,193.7027027027027,168.3,179.38095238095238,253.57142857142858,234.44827586206895,212.74193548387098,211.02702702702703,18.095238095238095,28.688524590163933,18.269230769230766
PIA,4,214.4255319148936,315.0,69.82978723404256,17.62917933130699,10390.565349544073,9.0,20.355704697986564,245.44444444444446,125.11111111111111,125.11111111111111,2.021999999999999,0.8539405391738026,-14.370505683136152,-15.0,1.000451843870564,1.0,1.0,191.78378378378378,249.16,195.32432432432432,175.07894736842104,184.34146341463415,242.71875,244.03846153846155,215.82857142857142,212.78787878787878,17.142857142857142,23.52941176470588,11.650485436893204
RUS,4,215.87888198757764,320.0,71.66770186335404,18.633540372670808,10311.667701863355,8.0,21.49218131764024,272.375,123.0,123.0,2.410375,0.6615989981665626,-15.0,-15.0,,,,191.33333333333334,249.42307692307693,201.2972972972973,168.56410256410257,170.42857142857142,260.67857142857144,242.4,207.53571428571428,222.2972972972973,17.92452830188679,23.684210526315788,13.861386138613863
SAI,4,212.99402985074627,317.0,70.2955223880597,18.80597014925373,10051.555223880598,9.0,21.426204153778166,261.55555555555554,125.11111111111111,125.11111111111111,2.1549999999999994,0.7494071731115941,-14.567901234567882,-15.0,1.3371797991032637,1.3399699279307307,,184.3846153846154,260.625,203.5,170.85,178.7,243.11764705882354,237.0,216.05714285714285,212.42857142857142,17.475728155339805,23.62204724409449,14.423076923076922
STR,4,209.9402985074627,317.0,70.76119402985074,18.208955223880597,10241.462686567163,8.0,22.727470613844158,274.375,114.375,114.375,2.6102500000000015,0.5692233195328527,-15.0,-15.0,1.0177609398352507,1.0332866697775704,1.0293555130543077,200.02777777777777,247.0,192.08333333333334,170.16326530612244,174.26315789473685,241.84615384615384,229.0,209.45945945945945,213.84375,16.9811320754717,23.387096774193548,13.461538461538462
TSU,4,210.42228739002934,316.0,69.9266862170088,18.181818181818183,10111.231671554253,8.0,22.139941241843726,269.25,117.75,117.75,2.515125,0.5145059371620512,-15.0,-15.0,1.0156407493656807,,,191.73684210526315,245.21428571428572,198.94444444444446,167.0212765957447,173.025,236.77777777777777,241.24137931034483,202.03225806451613,215.80555555555554,17.431192660550458,23.015873015873016,13.333333333333334
VER,4,211.13803680981596,320.0,71.2638036809816,17.484662576687114,10234.09509202454,8.0,23.499961059623274,273.0,120.0,120.0,2.640249999999999,0.6538198815423119,-15.0,-15.0,1.4001251259949254,1.2855031886763106,,194.58333333333334,249.14814814814815,191.08823529411765,172.6904761904762,171.42105263157896,241.70967741935485,238.07407407407408,213.5625,209.62857142857143,15.841584158415841,23.52941176470588,12.380952380952381
ALB,5,249.57014925373133,330.0,82.6955223880597,12.835820895522387,10865.8,7.0,15.740012089278174,284.7142857142857,161.71428571428572,161.71428571428572,1.971571428571428,1.0198559922351578,-14.593253968253965,-15.0,1.012505157584029,1.0092921960072596,1.0147557969202186,188.02325581395348,232.16216216216216,268.81081081081084,223.22222222222223,251.2,308.04,257.6969696969697,312.39285714285717,206.88571428571427,17.88617886178862,12.264150943396226,7.6190476190476195
ALO,5,250.19504643962847,334.0,80.60371517027863,10.8359133126935,10921.82972136223,9.0,16.338897652092008,266.44444444444446,167.22222222222223,167.22222222222223,1.5997777777777775,0.8492771799566156,-12.997307409320742,-15.0,1.016313835020789,1.0109618874773139,1.0157561899317589,193.8409090909091,232.0,266.46875,227.5,249.71875,299.89285714285717,257.79411764705884,305.8,221.28205128205127,11.965811965811966,11.11111111111111,9.433962264150944
ANT,5,248.4942196531792,333.0,81.3179190751445,10.982658959537572,10990.416184971098,8.0,15.401286514651979,268.0,158.25,158.25,1.6700000000000006,0.9350724570855465,-13.353280517426434,-15.0,1.017932522931412,1.006715063520871,,182.41666666666666,234.1578947368421,269.5,230.4102564102564,247.51612903225808,301.19354838709677,262.9117647058824,306.52,218.42857142857142,13.114754098360656,8.035714285714286,11.711711711711711
BEA,5,249.76384839650146,335.0,80.94752186588921,15.743440233236154,10839.34693877551,9.0,17.23469387755102,279.3333333333333,176.0,176.0,1.6890000000000003,0.7712901169109079,-12.41980068245389,-15.0,1.0314215888532707,1.0096914700544464,1.0083246989888885,184.5681818181818,227.80555555555554,265.1818181818182,230.58333333333334,252.8709677419355,301.82758620689657,263.05882352941177,308.44444444444446,212.5121951219512,18.852459016393443,12.380952380952381,15.65217391304348
BOR,5,248.2405797101449,338.0,79.5768115942029,14.782608695652174,10855.669565217391,8.0,17.531305903398927,267.125,147.75,147.75,1.9600000000000002,0.7618398781896365,-14.36809010503041,-15.0,1.0363728695210588,1.0259165154264973,1.0198649469434422,188.51111111111112,223.60526315789474,261.6060606060606,231.25,242.33333333333334,307.46875,253.2,315.10714285714283,203.3783783783784,15.079365079365079,11.607142857142858,17.92452830188679
DOO,5,246.80421686746988,336.0,77.96987951807229,16.566265060240966,10816.41265060241,8.0,19.596624067792746,293.375,175.125,175.125,2.1448750000000008,1.0935455451763323,-12.660590277777779,-15.0,1.0227251087060019,1.020798548094374,1.014434242023652,187.475,229.775,264.7857142857143,230.71794871794873,246.57575757575756,306.46153846153845,254.9375,311.6666666666667,202.1219512195122,16.52173913043478,17.92452830188679,15.454545454545453
GAS,5,250.52469135802468,337.0,82.30864197530865,11.11111111111111,10965.901234567902,8.0,17.655310849804398,283.875,175.375,175.375,1.9349999999999998,1.0200221811313712,-12.87523797161646,-15.0,,,,186.28205128205127,227.15151515151516,265.7878787878788,236.71428571428572,248.1818181818182,305.28,261.38709677419354,312.22222222222223,206.775,10.434782608695652,10.891089108910892,12.149532710280374
HAD,5,245.50746268656715,330.0,80.15223880597014,12.238805970149254,10764.814925373134,8.0,16.687692500028422,270.5,155.5,155.5,1.8353750000000009,0.738484247885492,-13.564814814814827,-15.0,1.0222807630050466,1.0122323049001816,1.0118975311729608,177.6595744680851,227.31578947368422,270.05882352941177,217.75757575757575,251.76666666666668,306.5925925925926,253.40625,311.2307692307692,204.375,14.0625,10.1010101010101,12.149532710280374
HAM,5,248.23456790123456,336.0,80.17592592592592,14.814814814814813,10920.043209876543,7.0,15.635227272727272,293.7142857142857,165.42857142857142,165.42857142857142,1.9655714285714285,1.0004988551636005,-14.828946071182084,-15.0,,,,172.57142857142858,235.0,268.35714285714283,224.47368421052633,245.96774193548387,303.51851851851853,262.3103448275862,307.25925925925924,211.40540540540542,15.929203539823009,13.333333333333334,15.238095238095239
HUL,5,248.55223880597015,339.0,80.16119402985075,13.134328358208954,10950.328358208955,7.0,17.651241534988728,290.2857142857143,156.0,156.0,2.2341428571428588,1.1515308355863167,-14.841269841269845,-15.0,1.0307868092804773,1.0156805807622504,1.0119332594948016,185.44444444444446,225.44444444444446,257.7931034482759,233.0,247.27272727272728,307.32142857142856,256.09375,309.83870967741933,212.21052631578948,16.94915254237288,6.9306930693069315,15.178571428571427
LAW,5,249.70516717325228,332.0,81.15197568389058,10.638297872340425,10861.595744680852,8.0,14.359230690583574,283.5,178.5,178.5,1.5800000000000005,0.8087957096819922,-13.482142857142877,-15.0,1.018408607611007,1.0123411978221415,1.0080388724141627,181.86666666666667,233.18421052631578,266.48275862068965,230.2058823529412,247.96774193548387,309.9310344827586,259.96666666666664,313.17857142857144,207.16216216216216,8.0,10.0,14.563106796116504
LEC,5,248.8159509202454,334.0,81.920245398773,12.883435582822086,10854.769938650306,8.0,16.081834084405873,260.25,160.875,160.875,1.735249999999999,0.6755354820436892,-13.468364197530867,-15.0,1.0161868791062305,,,177.19148936170214,239.61111111111111,278.62068965517244,226.8108108108108,250.05882352941177,313.0357142857143,257.28125,317.4166666666667,207.75,13.559322033898304,11.214953271028037,14.000000000000002
NOR,5,250.3573667711599,334.0,79.34482758620689,11.285266457680251,10744.67711598746,9.0,15.831803579623688,269.3333333333333,172.55555555555554,172.55555555555554,1.5332222222222227,0.753235064059285,-13.098667450519287,-15.0,,,,184.23809523809524,240.45714285714286,267.7741935483871,230.59375,249.32142857142858,300.9655172413793,271.9032258064516,306.44444444444446,206.8684210526316,11.504424778761061,10.309278350515463,12.037037037037036
OCO,5,246.29239766081872,331.0,80.48830409356725,16.95906432748538,10673.412280701754,9.0,17.321635976139195,277.55555555555554,181.33333333333334,181.33333333333334,1.7067777777777775,1.096910386067034,-12.3533950617284,-15.0,1.0384359031326373,1.017858439201452,1.012254814391368,184.17777777777778,229.3783783783784,258.44117647058823,227.16216216216216,242.93939393939394,302.4230769230769,264.8285714285714,306.7916666666667,216.1627906976744,26.446280991735538,10.2803738317757,13.274336283185843
PIA,5,252.90853658536585,330.0,80.91158536585365,10.365853658536585,10801.060975609756,7.0,15.724137931034491,284.2857142857143,168.28571428571428,168.28571428571428,1.9542857142857153,0.9328798290831468,-14.345238095238098,-15.0,,,,188.37777777777777,241.83333333333334,273.1470588235294,233.02941176470588,253.73333333333332,309.037037037037,258.7741935483871,311.9259259259259,211.89473684210526,10.4,9.183673469387756,11.538461538461538
RUS,5,252.0151515151515,331.0,82.26666666666667,12.727272727272727,11002.569696969696,8.0,14.427849264705902,268.75,164.125,164.125,1.5697500000000022,0.7525723802399356,-13.42013888888889,-15.0,1.0137429777509759,1.0,,187.21951219512195,239.47058823529412,271.5151515151515,234.16216216216216,256.0,305.25925925925924,261.1142857142857,310.22222222222223,207.575,14.782608695652174,9.615384615384617,13.636363636363635
SAI,5,250.17857142857142,335.0,80.79464285714286,13.392857142857142,10821.96130952381,8.0,14.574105912760329,273.875,158.875,158.875,1.6000000000000019,0.6740773323588336,-13.58548280423279,-15.0,1.0227568476846414,,,197.34883720930233,233.1315789473684,265.46875,228.28947368421052,252.85714285714286,307.13793103448273,258.8235294117647,316.14285714285717,201.92105263157896,14.516129032258066,12.612612612612612,13.0
STR,5,247.4542772861357,335.0,80.6047197640118,13.569321533923304,10844.533923303834,9.0,16.72805158599744,269.8888888888889,167.77777777777777,167.77777777777777,1.6401111111111115,0.8305555629877391,-13.105709876543214,-15.0,1.017932522931412,1.0182940108892922,1.0189360105755831,183.26190476190476,229.0857142857143,264.2307692307692,237.16666666666666,244.03030303030303,306.2857142857143,249.7058823529412,305.2758620689655,206.13953488372093,16.071428571428573,10.476190476190476,14.049586776859504
TSU,5,250.44954128440367,336.0,81.10091743119266,11.314984709480122,10843.611620795107,9.0,16.308656036446475,255.0,152.55555555555554,152.55555555555554,1.5910000000000004,0.8706213617615621,-13.003747795414462,-15.0,1.383311645031263,1.336950998185118,,186.93023255813952,232.68571428571428,263.17241379310343,229.38235294117646,247.86666666666667,300.8787878787879,262.35483870967744,310.96,214.525,13.675213675213676,11.428571428571429,8.737864077669903
VER,5,251.21069182389937,338.0,81.74842767295597,10.69182389937107,10929.805031446542,8.0,18.054709849381325,276.125,160.375,160.375,1.964375,0.7600075554723115,-13.885168650793657,-15.0,1.0,1.0074773139745916,1.0015005895173104,189.02325581395348,241.44117647058823,271.82758620689657,232.35135135135135,252.3030303030303,306.7391304347826,267.8125,312.2962962962963,204.13513513513513,8.035714285714286,10.891089108910892,13.461538461538462
ALB,6,216.81372549019608,339.0,67.36601307189542,20.588235294117645,10116.346405228758,9.0,22.937905468025942,227.88888888888889,128.44444444444446,128.44444444444446,2.1999999999999997,0.8424252027463457,-14.624485596707864,-15.0,1.4769170856050415,1.2339138628005226,,188.8,272.3703703703704,199.8,294.5238095238095,329.1818181818182,132.08510638297872,174.3181818181818,324.5882352941176,185.63888888888889,26.666666666666668,22.52252252252252,11.235955056179774
ALO,6,217.38709677419354,338.0,67.65689149560117,18.181818181818183,10302.404692082111,8.0,21.01652134006425,230.875,106.125,106.125,2.28975,0.8021567412295433,-14.336419753086457,-15.0,1.0214189619769172,1.0293912039147746,1.006430478039311,183.72972972972974,268.7037037037037,197.92857142857142,296.88,331.6,129.77777777777777,191.23076923076923,320.8095238095238,185.92105263157896,17.857142857142858,23.25581395348837,12.121212121212121
ANT,6,223.928338762215,341.0,71.76547231270358,14.332247557003258,10539.403908794788,9.0,20.816682156133833,221.77777777777777,116.0,116.0,1.9910000000000005,1.1137560075907316,-12.459383430307614,-15.0,1.0084259718190187,1.002492325461232,1.003154574132492,188.59459459459458,277.04,206.05882352941177,295.1818181818182,329.7,140.57894736842104,202.59375,323.89473684210526,188.05714285714285,15.384615384615385,18.58407079646018,7.865168539325842
BEA,6,218.1875,337.0,70.1577380952381,20.238095238095237,10269.270833333334,9.0,22.2880583409298,217.55555555555554,109.22222222222223,109.22222222222223,2.173333333333333,0.8094169369229789,-13.196649029982346,-15.0,1.0308008213552362,1.0262605999817633,1.0158537571786783,188.875,269.3103448275862,198.56756756756758,291.3478260869565,324.89473684210526,144.1851851851852,172.34883720930233,314.6666666666667,190.3095238095238,25.663716814159294,20.869565217391305,14.150943396226415
BOR,6,220.72307692307692,340.0,69.36923076923077,17.23076923076923,10313.316923076924,8.0,20.45013850415512,234.25,111.75,111.75,2.2147499999999996,0.7772085868671319,-14.613095238095234,-15.0,1.0198966225306239,1.012400838880277,1.012456523497533,188.66666666666666,274.82142857142856,198.47222222222223,293.17391304347825,328.3,143.48,168.14634146341464,317.9655172413793,187.23809523809524,18.446601941747574,21.62162162162162,11.818181818181818
DOO,6,219.57692307692307,337.0,69.6025641025641,16.666666666666664,10303.63141025641,10.0,22.521919704660814,244.0,143.9,143.9,1.9521999999999995,1.0880936356766353,-12.298611111111086,-15.0,1.0140550874460101,1.0188140178110088,1.0120116476583354,183.67567567567568,272.86206896551727,200.23529411764707,298.6842105263158,328.7083333333333,118.66666666666667,207.8,320.75,184.8918918918919,18.69158878504673,18.421052631578945,12.222222222222221
GAS,6,221.06824925816025,337.0,71.0,18.397626112759642,10176.439169139467,10.0,23.319615912208512,240.2,139.3,139.3,2.0400000000000005,0.8363349807343955,-13.198549965059351,-15.0,1.02534872194293,1.0247104951217287,1.012456523497533,193.52631578947367,274.18518518518516,198.38235294117646,291.2962962962963,327.55,140.4313725490196,170.6086956521739,313.85185185185185,183.9268292682927,23.809523809523807,22.413793103448278,9.649122807017543
HAD,6,223.62305295950156,339.0,70.7601246105919,16.510903426791277,10311.710280373833,8.0,21.612914400526556,236.75,114.625,114.625,2.3396250000000003,0.759088587962564,-13.362794612794634,-15.0,1.4881399136160873,1.3060393301115465,,193.4857142857143,274.85714285714283,197.36363636363637,285.6,327.69565217391306,151.95652173913044,165.08695652173913,318.25,196.35897435897436,17.142857142857142,16.51376146788991,16.19047619047619
HAM,6,218.84545454545454,341.0,70.0,18.787878787878785,10287.19696969697,10.0,20.3755143440025,225.2,127.5,127.5,1.7678000000000007,0.9784659217366752,-12.940972222222214,-15.0,1.0181618636267082,1.012188079389684,1.0088570735258433,183.02439024390245,274.2608695652174,205.02777777777777,294.2916666666667,330.55,137.72727272727272,175.61363636363637,318.42857142857144,189.83783783783784,21.296296296296298,24.166666666666668,10.0
HUL,6,220.43843843843842,338.0,70.35735735735736,18.61861861861862,10352.165165165165,11.0,21.26323055683387,233.45454545454547,140.36363636363637,140.36363636363637,1.6801818181818184,1.0734991059980032,-12.106145067454603,-15.0,1.0189407349713233,1.02571350414881,1.0088570735258433,190.33333333333334,277.72,200.64285714285714,297.04347826086956,328.7826086956522,137.3653846153846,173.89743589743588,318.1304347826087,182.10526315789474,18.26086956521739,25.862068965517242,10.891089108910892
LAW,6,220.54193548387096,337.0,72.48387096774194,15.161290322580644,10247.177419354839,9.0,19.708468301712184,223.33333333333334,127.88888888888889,127.88888888888889,1.8928888888888906,0.8474451072940049,-13.253990522509067,-15.0,1.0215605749486654,1.0199386036898574,1.0090997330744966,187.775,275.9166666666667,202.78787878787878,293.08,326.9,134.0,179.0,317.5263157894737,195.22857142857143,13.725490196078432,20.175438596491226,10.75268817204301
LEC,6,222.87227414330218,339.0,71.91277258566979,17.75700934579439,10322.753894080997,8.0,20.564838295063748,235.625,114.625,114.625,2.2200000000000006,0.6382947986628108,-13.546401515151512,-15.0,1.3189832188628479,1.3378316768487277,,192.5897435897436,282.54545454545456,205.72222222222223,294.96,329.5238095238095,133.03174603174602,224.93333333333334,322.57142857142856,177.53846153846155,20.0,19.672131147540984,12.903225806451612
NOR,6,221.30283911671924,334.0,69.30283911671924,14.511041009463725,10284.652996845425,10.0,21.45924744823733,228.9,131.8,131.8,1.8437999999999994,1.0008605097614744,-12.621031746031763,-15.0,1.006620406429229,1.0,1.0084526409447545,190.8421052631579,274.3333333333333,213.3421052631579,301.6818181818182,327.2857142857143,127.60377358490567,192.8,320.6190476190476,169.4857142857143,11.926605504587156,19.298245614035086,11.956521739130435
OCO,6,225.60185185185185,338.0,72.50617283950618,19.444444444444446,10419.206790123457,9.0,22.98681776133211,243.44444444444446,129.0,129.0,2.2087777777777786,0.7856568062990056,-14.656635802469099,-15.0,1.253593429158111,1.3664022370140725,,192.2,269.17241379310343,210.70967741935485,295.9583333333333,326.4347826086956,124.11864406779661,223.15625,320.95,193.89743589743588,23.14814814814815,22.689075630252102,11.458333333333332
PIA,6,227.39520958083833,336.0,70.24850299401197,16.46706586826347,10464.320359281437,9.0,22.262642228704905,243.77777777777777,131.77777777777777,131.77777777777777,2.128333333333332,0.8422787873118717,-12.579094340790256,-15.0,1.335020887913333,1.2839427373028174,,191.70731707317074,278.25,204.5483870967742,290.8888888888889,324.92,148.42857142857142,178.88095238095238,316.77272727272725,200.61904761904762,18.095238095238095,21.367521367521366,9.90990990990991
RUS,6,0.0,0.0,0.0,0.0,0.0,0.0,0.0,,,,,,,,1.4837853147348299,1.3154311419105802,,0.0,0.0,0.0,0.0,0.0,0.0,0.0,0.0,0.0,0.0,0.0,0.0
SAI,6,224.0128617363344,338.0,68.59485530546624,15.112540192926044,10357.774919614149,10.0,21.92504655493482,244.4,146.1,146.1,1.8837999999999997,1.15529812602635,-13.116805023414196,-15.0,1.4199178644763861,1.2908422236406187,,196.61111111111111,270.46153846153845,195.25714285714287,299.95454545454544,328.55,136.51063829787233,175.56410256410257,316.6666666666667,201.11428571428573,15.74074074074074,23.300970873786408,6.0606060606060606
STR,6,220.1453488372093,338.0,69.20930232558139,16.86046511627907,10288.779069767443,10.0,21.588315837517104,236.3,136.6,136.6,1.891999999999999,1.0839999999999994,-14.113895850737928,-15.0,1.0304467889258657,1.028448983313577,1.0065113645555286,186.60526315789474,268.9655172413793,200.05128205128204,298.5,328.6818181818182,130.65625,209.84615384615384,321.8421052631579,188.2093023255814,18.75,20.0,10.891089108910892
TSU,6,222.82242990654206,340.0,70.70404984423676,16.822429906542055,10280.613707165108,8.0,23.46938775510204,228.5,111.125,111.125,2.5299999999999994,0.7769623543003862,-13.737705120601039,-15.0,1.4837145082489556,1.2483511139479042,,182.88571428571427,275.88461538461536,208.10256410256412,296.2173913043478,328.69565217391306,139.17021276595744,173.15,315.375,189.2,16.822429906542055,22.22222222222222,11.428571428571429
VER,6,223.22118380062307,340.0,71.89096573208722,16.1993769470405,10331.158878504673,11.0,22.6974104952268,220.63636363636363,127.72727272727273,127.72727272727273,1.7745454545454549,1.1312806390536003,-11.42356100689435,-15.0,1.0,1.0054101699036502,1.0061878184906576,197.675,278.32,206.45945945945945,295.5238095238095,328.5238095238095,133.35087719298247,196.3939393939394,321.4347826086956,189.23076923076923,15.454545454545453,21.73913043478261,10.526315789473683
ALB,7,232.38768115942028,327.0,77.07246376811594,17.391304347826086,10748.666666666666,8.0,18.584930777422795,261.0,151.375,151.375,1.7451250000000005,0.7050312825506383,-14.644097222222124,-15.0,1.5095552245158543,1.2888103468365246,,321.4736842105263,236.2173913043478,249.89655172413794,189.15151515151516,253.9090909090909,224.90322580645162,191.76470588235293,251.64,190.38888888888889,15.384615384615385,15.625,20.792079207920793
ALO,7,234.12056737588654,330.0,76.73404255319149,15.602836879432624,10902.890070921985,8.0,19.906616862326544,266.5,150.0,150.0,1.865249999999997,0.5724971069795908,-13.920717592592586,-15.0,1.4041711002340922,1.3306404629665591,,324.6,230.7037037037037,252.58620689655172,178.13333333333333,259.0416666666667,225.5151515151515,197.47222222222223,262.5,189.8235294117647,11.11111111111111,18.181818181818183,16.831683168316832
ANT,7,231.13986013986013,324.0,77.8951048951049,16.083916083916083,10873.82867132867,8.0,20.28544875199151,270.875,150.875,150.875,1.9098750000000002,0.7041364280982777,-14.117063492063538,-15.0,1.0220046818472015,1.016351419582864,1.0182223283202037,319.4117647058824,239.77272727272728,248.3846153846154,190.95,257.4166666666667,222.31034482758622,191.0,256.3,192.66666666666666,15.492957746478872,15.384615384615385,17.272727272727273
BEA,7,233.0,328.0,77.81914893617021,17.73049645390071,10851.77304964539,8.0,21.812632696390658,271.625,150.5,150.5,2.05475,0.5128963711121413,-14.241071428571423,-15.0,1.0280485209619068,1.0200023303685866,1.0209676135911514,323.0,225.20689655172413,250.6818181818182,192.69444444444446,254.7037037037037,226.76666666666668,182.41666666666666,270.59090909090907,189.52941176470588,10.126582278481013,22.330097087378643,19.19191919191919
BOR,7,232.13571428571427,326.0,77.77857142857142,16.785714285714285,10769.464285714286,8.0,19.79910508045038,257.375,149.125,149.125,1.8750000000000013,0.685707845951903,-14.489087301587297,-15.0,1.029240263885933,1.0249349438769566,1.0220816423967534,320.14285714285717,228.06896551724137,253.5185185185185,175.46666666666667,263.4,222.89655172413794,190.59459459459458,261.08,187.6,14.117647058823529,19.101123595505616,17.307692307692307
COL,7,229.1118881118881,329.0,74.88111888111888,17.482517482517483,10580.37062937063,8.0,21.001315789473672,268.125,147.25,147.25,1.995124999999999,0.648958095238051,-14.866553465691382,-15.0,,,,321.7894736842105,226.53125,250.75,180.1081081081081,256.15384615384613,214.80769230769232,193.97222222222223,266.5652173913044,184.5,14.285714285714285,16.161616161616163,21.568627450980394
GAS,7,233.86832740213524,330.0,76.34519572953737,17.437722419928825,10730.195729537367,8.0,21.45899893503726,270.5,150.375,150.375,2.014999999999999,0.6448455241373716,-14.150883838383843,-15.0,1.3569695679931901,1.328310094379928,,324.90909090909093,230.33333333333334,247.33333333333334,185.75757575757575,256.6,212.11111111111111,191.54285714285714,258.625,201.7058823529412,16.666666666666664,22.340425531914892,13.861386138613863
HAD,7,235.4270462633452,328.0,78.19928825622776,16.370106761565836,10655.334519572954,8.0,20.14846235418873,264.0,152.75,152.75,1.8999999999999972,0.7758865896508345,-14.340277777777846,-15.0,1.2693339008299638,1.475511710102148,,321.45454545454544,233.19230769230768,250.6086956521739,193.63333333333333,258.0357142857143,218.58620689655172,200.0857142857143,266.4,188.55263157894737,14.473684210526317,18.556701030927837,15.887850467289718
HAM,7,230.18021201413427,329.0,75.92579505300354,20.848056537102476,10690.604240282686,8.0,21.88498402555909,268.0,148.5,148.5,2.0549999999999984,0.6096025344435508,-14.210069444444464,-15.0,1.6334964886145986,1.3308346603487786,,325.94117647058823,227.89285714285714,241.03703703703704,188.56756756756758,255.41666666666666,220.35714285714286,198.82857142857142,251.12,193.6315789473684,18.421052631578945,23.52941176470588,20.192307692307693
HUL,7,231.26408450704224,327.0,76.51760563380282,16.19718309859155,10753.644366197183,9.0,19.413721905864094,250.33333333333334,144.55555555555554,144.55555555555554,1.640222222222222,0.604972318517832,-13.37062757201642,-15.0,1.0294105128750797,1.032702839165728,1.0242301265218428,321.5,227.86666666666667,243.43333333333334,179.7058823529412,255.5,216.71875,192.66666666666666,259.2692307692308,185.93103448275863,14.772727272727273,16.49484536082474,17.525773195876287
LAW,7,229.29496402877697,328.0,73.70143884892086,21.942446043165468,10553.56474820144,8.0,20.893695969683808,264.5,147.25,147.25,1.9848749999999993,0.639852802896886,-14.644097222222118,-15.0,1.0341349223238987,1.0241581543480793,1.0230365242301265,320.8888888888889,230.03703703703704,243.58620689655172,188.9142857142857,254.52,219.32258064516128,176.45454545454547,266.60869565217394,189.7941176470588,21.25,20.588235294117645,24.210526315789473
LEC,7,233.33214285714286,328.0,78.41071428571429,18.21428571428571,10683.914285714285,8.0,19.757036643653755,268.875,151.375,151.375,1.860125000000001,0.5803405115748855,-13.869047619047615,-15.0,1.6110661842945306,,,322.4347826086956,225.16666666666666,238.92592592592592,192.27272727272728,257.48148148148147,213.66666666666666,195.84375,246.33333333333334,199.14285714285714,14.634146341463413,18.947368421052634,20.588235294117645
NOR,7,233.8659420289855,325.0,75.07608695652173,14.130434782608695,10706.869565217392,8.0,20.825281803542673,263.5,155.375,155.375,1.9398749999999998,0.6391131428589135,-13.993055555555522,-15.0,1.2495424558416683,1.2047617198120169,,319.1,231.92592592592592,251.0,187.91666666666666,261.962962962963,235.82758620689654,198.25806451612902,243.41379310344828,188.59375,13.157894736842104,16.0,13.131313131313133
OCO,7,227.16549295774647,326.0,76.19718309859155,20.422535211267608,10605.971830985916,9.0,22.518372703412084,259.0,150.11111111111111,150.77777777777777,1.9065555555555567,0.7673080087206922,-12.283950617283942,-15.0,1.0360076612045117,1.030799704819979,1.0237924723482135,319.5,225.34375,233.17391304347825,181.78378378378378,256.0416666666667,218.60714285714286,187.75,267.84,173.66666666666666,18.072289156626507,24.742268041237114,18.446601941747574
PIA,7,233.37269372693726,323.0,76.30627306273063,12.915129151291513,10632.328413284133,8.0,18.080140313005927,256.75,157.875,157.875,1.6751249999999993,0.624192966457487,-14.117063492063487,-15.0,1.0077463290061714,1.0,1.0044561152224079,318.76190476190476,237.8846153846154,249.5,187.97058823529412,267.5263157894737,220.71875,188.9,261.7,191.56756756756758,8.536585365853659,13.684210526315791,16.304347826086957
RUS,7,234.0251798561151,330.0,77.14028776978417,14.388489208633093,10912.870503597122,7.0,18.12040053082399,278.42857142857144,152.85714285714286,152.85714285714286,1.9311428571428577,0.36245450101512533,-15.0,-15.0,1.0125984251968503,1.0026410843981823,1.0026657117848332,323.95,224.33333333333334,249.35714285714286,189.53846153846155,262.1363636363636,223.42424242424244,186.74193548387098,267.08,192.83870967741936,15.384615384615385,14.423076923076922,13.684210526315791
SAI,7,235.65277777777777,329.0,77.57291666666667,17.708333333333336,10832.041666666666,8.0,19.729946524064196,267.375,151.25,151.25,1.8447500000000023,0.6425946914657769,-15.0,-15.0,1.4997233453926366,1.395929622868684,,324.7916666666667,240.3030303030303,244.22222222222223,187.625,255.34615384615384,226.60714285714286,194.69444444444446,259.5,186.84848484848484,15.384615384615385,21.052631578947366,16.831683168316832
STR,7,234.98936170212767,328.0,76.75886524822695,17.73049645390071,10903.812056737588,7.0,20.613982651204203,279.42857142857144,147.71428571428572,147.71428571428572,2.2168571428571444,0.5332507929326161,-15.0,-15.0,1.4223451798254947,1.2791004777255603,,323.7826086956522,229.78571428571428,250.25,189.03030303030303,254.52,227.43333333333334,200.27272727272728,261.9259259259259,182.8235294117647,16.867469879518072,19.587628865979383,16.831683168316832
VER,7,233.96453900709218,331.0,77.19148936170212,15.602836879432624,10771.060283687943,8.0,19.6144106968207,264.625,153.625,153.625,1.83,0.6635514298078146,-14.861111111110999,-15.0,1.0150670355394764,,,323.42105263157896,235.5185185185185,254.42307692307693,195.72972972972974,259.6,220.9,193.10256410256412,264.0,194.69444444444446,13.750000000000002,16.3265306122449,16.50485436893204
ALB,8,169.50943396226415,292.0,57.0188679245283,26.79245283018868,9939.222641509434,13.0,29.699034639409426,187.23076923076923,104.0,104.0,1.6092307692307695,0.6101003894500489,-14.1871438746439,-15.0,1.6562465602641716,,,227.1764705882353,202.27272727272728,148.96428571428572,97.65957446808511,249.16666666666666,163.4516129032258,206.95833333333334,186.66666666666666,116.2258064516129,30.263157894736842,25.233644859813083,25.925925925925924
ALO,8,165.21374045801528,288.0,54.912213740458014,28.62595419847328,9827.530534351145,12.0,32.74981971408775,198.41666666666666,104.33333333333333,104.33333333333333,1.9300833333333334,0.8312311610229456,-13.69750330687833,-15.0,,,,190.95238095238096,218.41176470588235,148.35294117647058,96.56,236.44444444444446,166.86363636363637,195.80769230769232,185.71428571428572,126.70270270270271,36.61971830985916,24.761904761904763,27.058823529411764
ANT,8,165.11363636363637,289.0,55.80681818181818,26.515151515151516,10020.71590909091,12.0,30.830028447708074,193.58333333333334,103.0,103.0,1.8333333333333337,0.7454548201526949,-14.171810699588477,-15.0,1.0460649422124382,,,175.22222222222223,218.94736842105263,145.06896551724137,94.93181818181819,239.5,153.37037037037038,195.0952380952381,189.08,123.76923076923077,28.35820895522388,28.703703703703702,22.727272727272727
BEA,8,163.27756653992395,289.0,54.17490494296578,31.1787072243346,9638.980988593155,13.0,32.885259631490776,201.6153846153846,106.92307692307692,106.92307692307692,1.8122307692307684,0.7533181117660669,-14.20138888888891,-15.0,1.0233902036323608,1.0265822784810126,1.0461855000270723,201.4090909090909,219.0,142.9375,97.52173913043478,250.47368421052633,152.60714285714286,203.1,175.78947368421052,116.5,34.5679012345679,27.184466019417474,33.33333333333333
BOR,8,162.96958174904944,289.0,54.657794676806084,28.13688212927757,9758.22433460076,12.0,30.967245240761464,195.83333333333334,103.25,103.25,1.8435833333333325,0.8687774416129576,-13.805941358024699,-15.0,1.0339020363236102,1.0267329716696805,1.031403974227083,191.15,223.55,144.17241379310346,91.08695652173913,235.2941176470588,166.82758620689654,196.1818181818182,185.4,119.1025641025641,31.428571428571427,25.471698113207548,29.069767441860467
COL,8,160.18007662835248,287.0,56.97318007662835,26.436781609195403,9848.436781609196,12.0,30.635734072022146,186.16666666666666,102.08333333333333,102.08333333333333,1.8432499999999994,0.7721464805980796,-13.624765728425814,-15.0,1.47727022564667,1.1751959011452684,,194.32,213.47368421052633,145.92857142857142,92.67307692307692,240.7058823529412,138.0,194.85714285714286,180.52173913043478,122.71428571428571,29.72972972972973,24.271844660194176,26.82926829268293
GAS,8,165.06563706563708,285.0,56.1003861003861,22.779922779922778,9987.7722007722,11.0,28.783024170882527,187.63636363636363,97.18181818181819,97.18181818181819,1.8620000000000005,0.7975667541170006,-14.198232323232306,-15.0,1.0432581177765545,1.377275467148885,,184.72727272727272,219.04347826086956,149.6,93.22,238.47619047619048,165.69565217391303,202.6,175.3913043478261,123.37142857142857,26.31578947368421,20.588235294117645,22.5
HAD,8,166.88326848249028,288.0,59.31517509727627,22.957198443579767,9981.112840466925,12.0,29.91061293984109,194.0,104.75,104.75,1.7567500000000003,0.7597652186695576,-14.085898669232009,-15.0,,,,198.8,220.6818181818182,145.83870967741936,96.48936170212765,240.8,169.07407407407408,198.76190476190476,182.5,125.93548387096774,27.27272727272727,22.0,20.253164556962027
HAM,8,169.83076923076922,289.0,61.18076923076923,29.230769230769234,9935.138461538461,12.0,31.77267541357674,199.58333333333334,105.33333333333333,105.33333333333333,1.8565833333333341,0.6015137097818759,-14.328703703703702,-15.0,1.578701155751238,,,188.2608695652174,221.2608695652174,139.38709677419354,99.04651162790698,247.35294117647058,166.23076923076923,201.61904761904762,188.66666666666666,122.48484848484848,32.91139240506329,28.999999999999996,26.25
HUL,8,164.37065637065638,289.0,57.6988416988417,23.552123552123554,9891.633204633205,13.0,30.418069584736262,181.46153846153845,98.92307692307692,98.92307692307692,1.6678461538461546,0.7635142279822692,-13.162393162393174,-15.0,1.4270225646670334,,,179.85,227.68421052631578,139.92592592592592,89.9,232.0,183.42307692307693,193.0909090909091,192.04347826086956,119.65714285714286,26.47058823529412,23.809523809523807,21.176470588235293
LAW,8,165.76425855513307,286.0,57.22813688212928,25.85551330798479,9860.623574144487,14.0,29.842442774026416,176.85714285714286,101.14285714285714,101.14285714285714,1.5057857142857145,0.7521158894907686,-13.08779761904763,-15.0,1.2200880572372041,1.1605183845690175,,204.1904761904762,209.38095238095238,139.06666666666666,99.61702127659575,251.0,157.65384615384616,201.8,179.04347826086956,125.05714285714286,31.25,25.252525252525253,21.686746987951807
LEC,8,168.40856031128405,290.0,60.19455252918288,24.124513618677042,9925.953307392996,13.0,27.75372706422017,201.46153846153845,113.53846153846153,113.53846153846153,1.4893076923076916,0.7417482866242823,-13.308913308913308,-15.0,1.0302146395156853,1.0989150090415913,,198.28,220.42105263157896,143.37037037037038,95.34883720930233,241.6315789473684,165.45454545454547,204.8,186.33333333333334,119.56756756756756,31.506849315068493,21.875,20.689655172413794
NOR,8,167.2248062015504,289.0,54.848837209302324,23.643410852713178,9974.903100775195,13.0,29.08491107286287,187.07692307692307,107.6923076923077,107.6923076923077,1.5598461538461532,0.76975928766514,-13.607549857549854,-15.0,1.4363236103467252,,,203.47619047619048,217.05882352941177,146.52,97.31372549019608,236.64705882352942,174.46666666666667,200.5625,186.28,125.33333333333333,30.434782608695656,23.364485981308412,18.9873417721519
OCO,8,166.38490566037737,292.0,58.85283018867924,29.056603773584904,9822.641509433963,12.0,31.76653476540417,197.08333333333334,102.91666666666667,102.91666666666667,1.873166666666666,0.8432280072567712,-13.923182441700959,-15.0,,,,191.56521739130434,228.52941176470588,140.51724137931035,94.8695652173913,234.5,166.57692307692307,207.72727272727272,190.75,120.54054054054055,34.24657534246575,29.591836734693878,24.731182795698924
PIA,8,172.18217054263565,286.0,57.67829457364341,22.868217054263564,10137.53488372093,12.0,31.042382588774338,196.75,108.5,108.5,1.8066666666666664,0.787368436982051,-13.450893897041718,-15.0,1.0183819482663732,,,190.95238095238096,228.10526315789474,156.46153846153845,94.65116279069767,237.54166666666666,159.14814814814815,194.8095238095238,198.12,134.85294117647058,26.47058823529412,24.03846153846154,18.823529411764707
RUS,8,163.58555133079847,288.0,57.61216730038023,25.85551330798479,9994.67680608365,13.0,31.0112359550562,185.53846153846155,106.61538461538461,106.61538461538461,1.6984615384615398,0.7016495526076779,-13.307132682132675,-15.0,1.4826086956521738,1.0936708860759492,,190.61904761904762,220.55555555555554,142.2258064516129,93.6,241.94117647058823,167.33333333333334,199.70833333333334,190.82608695652175,117.34285714285714,28.57142857142857,27.77777777777778,21.428571428571427
SAI,8,168.72222222222223,287.0,55.77777777777778,31.48148148148148,9808.051851851851,13.0,32.28523301516002,192.3846153846154,105.07692307692308,105.07692307692308,1.7692307692307687,0.7703833365325997,-14.00821400821401,-15.0,,,,191.2608695652174,219.7826086956522,145.05405405405406,98.47826086956522,243.05882352941177,163.6551724137931,204.42105263157896,187.86363636363637,135.67567567567568,40.963855421686745,27.184466019417474,28.04878048780488
STR,8,162.65579710144928,289.0,52.61594202898551,28.985507246376812,9756.518115942028,12.0,31.8593492899711,196.58333333333334,100.33333333333333,100.33333333333333,1.9200833333333331,0.8172433805516899,-13.958608906525606,-15.0,1.0401210787011557,1.136829415310428,,187.92,200.95238095238096,143.66666666666666,103.19607843137256,253.375,150.6153846153846,198.63636363636363,175.42857142857142,117.29729729729729,32.53012048192771,27.27272727272727,27.956989247311824
TSU,8,167.0653846153846,286.0,59.05,24.23076923076923,9966.173076923076,12.0,29.918309859154927,195.58333333333334,105.91666666666667,105.91666666666667,1.7701666666666667,0.7057220691525032,-14.076967592592593,-15.0,,,,183.84,226.83333333333334,144.66666666666666,91.54761904761905,235.1578947368421,170.1904761904762,196.52173913043478,192.17391304347825,120.05405405405405,28.947368421052634,23.157894736842106,21.839080459770116
VER,8,168.56296296296296,288.0,57.72962962962963,26.666666666666668,9961.762962962963,12.0,30.4037095333305,196.16666666666666,105.16666666666667,105.16666666666667,1.7867499999999998,0.6410914033895625,-15.0,-15.0,1.3631260319207483,,,189.91666666666666,219.63636363636363,148.68,99.58490566037736,237.47058823529412,167.4,209.64705882352942,190.56,126.38888888888889,31.16883116883117,25.0,25.0
ALB,9,232.94052044609666,329.0,78.19330855018588,13.011152416356877,10663.944237918216,6.0,16.78630590833795,260.5,137.83333333333334,137.83333333333334,2.0266666666666686,0.4511713150850309,-15.0,-15.0,1.0096900136412814,1.0185794261721484,1.017758302583026,323.04761904761904,219.3448275862069,272.54545454545456,215.13333333333333,191.33333333333334,215.0,286.72727272727275,156.11111111111111,241.26666666666668,5.128205128205128,18.085106382978726,14.583333333333334
ALO,9,228.73507462686567,322.0,76.76865671641791,14.17910447761194,10760.970149253732,6.0,18.547771407948257,261.0,138.33333333333334,138.33333333333334,2.2270000000000008,0.33253320636191075,-15.0,-15.0,1.0175925490380544,1.0104618614415677,1.0042435424354244,318.5,220.25806451612902,263.4761904761905,174.94285714285715,199.90322580645162,248.62962962962962,238.15384615384616,171.88888888888889,261.76,10.81081081081081,18.0,12.903225806451612
ANT,9,231.72527472527472,329.0,77.29304029304029,15.384615384615385,10937.783882783882,7.0,18.0929914434472,268.57142857142856,158.42857142857142,158.42857142857142,1.8517142857142872,0.676605332162112,-13.408289241622574,-15.0,1.4777741191965756,1.4154653603918825,,322.23809523809524,213.4516129032258,266.96153846153845,184.5,202.42424242424244,252.55,234.89285714285714,170.02702702702703,264.6363636363636,7.228915662650602,20.618556701030926,17.391304347826086
BEA,9,229.40510948905109,327.0,76.95985401459853,16.423357664233578,10707.57299270073,7.0,19.19966996699671,271.42857142857144,154.57142857142858,154.57142857142858,1.9945714285714295,0.4658073964765287,-13.683862433862402,-15.0,1.0191448327767063,1.0229531140657804,1.0226937269372693,323.95,215.68965517241378,268.625,177.52777777777777,199.73333333333332,246.80769230769232,237.3448275862069,164.34285714285716,258.04,9.210526315789473,15.686274509803921,23.157894736842106
BOR,9,229.50187265917603,329.0,76.78651685393258,14.606741573033707,10738.831460674157,6.0,18.653421633554085,267.0,133.33333333333334,133.33333333333334,2.2533333333333334,0.5177730090386006,-15.0,-15.0,1.013970553647867,1.018264520643807,1.019280442804428,324.57142857142856,213.5,271.4166666666667,212.53846153846155,183.85294117647058,214.08333333333334,288.0,154.46666666666667,258.36,7.59493670886076,15.384615384615385,19.791666666666664
COL,9,226.54744525547446,328.0,75.58394160583941,14.233576642335766,10642.069343065694,6.0,17.396061269146596,255.83333333333334,133.5,133.5,2.1199999999999988,0.39055516042338284,-15.0,-15.0,1.0239428006961757,1.0273268019594122,1.0242158671586714,304.7391304347826,209.13333333333333,262.17391304347825,174.27027027027026,203.06060606060606,250.77272727272728,210.84615384615384,168.85294117647058,262.96,10.843373493975903,16.0,15.555555555555555
GAS,9,229.88,326.0,78.6290909090909,14.545454545454545,10785.392727272727,6.0,18.997214484679663,265.6666666666667,138.66666666666666,138.66666666666666,2.273333333333333,0.4185011615542097,-15.0,-15.0,1.4115903852486005,1.420153953813856,,322.1764705882353,217.5,271.0,193.3548387096774,192.5625,237.10344827586206,249.15384615384616,159.55263157894737,257.44444444444446,9.090909090909092,17.0,16.49484536082474
HAD,9,231.41516245487364,322.0,78.65703971119133,14.440433212996389,10750.361010830326,6.0,18.6456902651184,266.3333333333333,140.33333333333334,140.33333333333334,2.239999999999999,0.47102724620415204,-15.0,-15.0,1.6038383743355753,1.2079076277116865,,319.22222222222223,217.56666666666666,271.88,215.82142857142858,183.91666666666666,233.31034482758622,267.6666666666667,158.85365853658536,258.1923076923077,7.5,18.0,16.666666666666664
HAM,9,232.6988847583643,327.0,78.56505576208178,15.241635687732341,10877.189591078068,7.0,18.194500634756757,270.7142857142857,158.0,158.0,1.8631428571428559,0.7294787627519538,-13.518518518518535,-15.0,1.4284303118679147,1.389118264520644,,323.22222222222223,222.57575757575756,270.04545454545456,182.4375,201.63333333333333,239.6,264.72727272727275,160.6315789473684,259.56,8.641975308641975,19.791666666666664,16.483516483516482
HUL,9,229.43333333333334,330.0,77.81481481481481,12.592592592592592,10737.462962962964,6.0,16.828399122807014,263.5,135.66666666666666,135.66666666666666,2.0463333333333327,0.3319842700423559,-15.0,-15.0,1.021355661131756,1.0210636808957312,1.0283671586715868,325.77777777777777,204.19230769230768,272.54545454545456,199.94285714285715,189.7058823529412,234.7826086956522,277.14285714285717,149.725,257.9259259259259,5.263157894736842,17.346938775510203,13.684210526315791
LAW,9,231.20075757575756,326.0,79.15151515151516,14.393939393939394,10711.613636363636,6.0,18.68798235942668,263.6666666666667,134.33333333333334,134.33333333333334,2.2600000000000002,0.45062918976323185,-15.0,-15.0,1.0204148831083306,1.0175997200839748,1.014160516605166,322.57142857142856,210.75,275.30434782608694,184.55263157894737,199.48275862068965,250.04,238.16666666666666,165.47222222222223,261.125,7.894736842105263,19.587628865979383,14.444444444444443
LEC,9,234.0114503816794,327.0,78.62213740458016,14.50381679389313,10822.709923664122,6.0,16.76740947075209,273.5,138.16666666666666,138.16666666666666,2.0065,0.3159080826231994,-15.0,-15.0,1.0093607413330823,1.0052134359692093,1.0121771217712177,325.25,215.21428571428572,274.7391304347826,210.25806451612902,192.59375,224.92,260.4166666666667,165.25714285714287,263.48,8.0,17.894736842105264,16.666666666666664
NOR,9,232.75735294117646,327.0,74.99632352941177,13.23529411764706,10784.742647058823,7.0,18.364804524012822,246.57142857142858,141.71428571428572,141.71428571428572,1.874285714285714,0.7370537321536546,-13.990929705215413,-15.0,1.4523731125640906,1.3744226731980407,,324.0,222.23333333333332,272.17391304347825,189.97058823529412,193.52941176470588,247.8846153846154,261.0869565217391,163.7948717948718,264.27272727272725,7.894736842105263,15.686274509803921,15.053763440860216
OCO,9,227.76556776556777,327.0,77.2014652014652,17.216117216117215,10684.307692307691,8.0,19.627192982456165,270.5,166.625,166.625,1.790000000000002,0.8269585842108405,-11.823536706349191,-15.0,1.0198033773931041,1.0238278516445067,1.0267527675276753,324.94117647058823,212.39285714285714,272.60869565217394,180.0810810810811,203.3,246.92,222.96153846153845,167.375,259.39130434782606,7.894736842105263,25.0,16.666666666666664
PIA,9,233.09963099630997,328.0,74.16974169741698,14.760147601476014,10796.040590405904,6.0,18.64656588200614,263.8333333333333,143.0,143.0,2.213999999999999,0.5351180555104944,-15.0,-15.0,1.3081048026718096,1.2832050384884535,,325.1764705882353,222.61290322580646,269.08,190.02857142857144,197.4516129032258,246.35714285714286,235.95833333333334,174.8108108108108,268.8695652173913,7.792207792207792,18.446601941747574,16.666666666666664
RUS,9,229.72932330827066,329.0,76.93233082706767,15.037593984962406,10863.755639097744,6.0,18.73855231330657,267.6666666666667,139.0,139.0,2.2336666666666654,0.42147426440478697,-15.0,-15.0,1.0055035514370385,1.0048635409377187,1.0033671586715867,327.1764705882353,217.46666666666667,275.2173913043478,196.70967741935485,190.5,233.14814814814815,252.41666666666666,157.48717948717947,253.8181818181818,9.210526315789473,19.791666666666664,15.053763440860216
SAI,9,228.53649635036496,329.0,76.5036496350365,15.328467153284672,10568.087591240876,7.0,20.09610104338277,272.2857142857143,152.57142857142858,152.57142857142858,2.091142857142859,0.7580517186599228,-13.649140211640225,-15.0,1.0146761371654358,1.0276417074877537,1.0268450184501845,310.85714285714283,210.33333333333334,269.52,181.91176470588235,191.3,241.09677419354838,231.28571428571428,160.35135135135135,260.40909090909093,7.317073170731707,20.588235294117645,16.853932584269664
STR,9,227.06884057971016,329.0,75.05434782608695,12.681159420289855,10712.695652173914,7.0,18.84159779614324,248.71428571428572,141.85714285714286,141.85714285714286,1.9541428571428558,0.8955000883100259,-14.09722222222222,-15.0,1.0162284209040877,1.0251574527641707,1.0209870848708489,324.7647058823529,205.68965517241378,270.7916666666667,192.5142857142857,190.8125,236.7037037037037,259.09090909090907,155.14634146341464,254.07407407407408,9.090909090909092,15.686274509803921,12.5
TSU,9,226.078853046595,324.0,75.72759856630825,12.544802867383511,10644.182795698925,8.0,17.302128820960696,246.375,154.5,154.5,1.5848749999999998,0.8166710533470627,-13.138020833333375,-15.0,1.0256362011383413,1.0279566130160953,1.024077490774908,315.85714285714283,209.6206896551724,260.0,179.48648648648648,190.5483870967742,237.88,254.0,157.225,259.6923076923077,5.194805194805195,16.666666666666664,14.14141414141414
VER,9,231.5814814814815,327.0,76.16296296296296,15.555555555555555,10675.903703703703,7.0,18.064624376057374,247.28571428571428,135.0,135.0,1.845714285714285,0.6920131531131708,-14.097222222222253,-15.0,1.0096429747401099,1.004338698390483,1.0,320.40909090909093,212.89285714285714,270.0,185.94117647058823,194.67741935483872,240.76190476190476,268.3478260869565,156.25641025641025,260.3333333333333,10.38961038961039,21.052631578947366,14.583333333333334
ALB,10,216.55384615384617,334.0,69.43846153846154,21.53846153846154,10274.765384615384,6.0,21.986913879936946,279.8333333333333,109.33333333333333,109.33333333333333,2.6266666666666674,0.8147696334274822,-15.0,-15.0,,,,158.33333333333334,219.7391304347826,186.54285714285714,271.2857142857143,216.72727272727272,164.08333333333334,277.42105263157896,326.375,205.72413793103448,28.71287128712871,21.839080459770116,11.267605633802818
ALO,10,218.47761194029852,332.0,73.40671641791045,18.28358208955224,10393.675373134329,6.0,20.83893557422971,277.0,108.0,108.0,2.4798333333333353,0.8502631782114418,-15.0,-15.0,1.0245523258763252,,,162.86111111111111,213.52,183.3939393939394,279.8181818181818,212.64,165.6315789473684,275.4583333333333,322.5882352941176,224.32258064516128,23.52941176470588,20.43010752688172,8.333333333333332
ANT,10,216.728624535316,333.0,73.10780669144981,17.472118959107807,10662.918215613383,6.0,20.753363985320792,268.8333333333333,111.83333333333333,111.83333333333333,2.4599999999999995,1.01109874229309,-15.0,-15.0,1.2248769847308882,1.197028858668821,,155.27272727272728,203.17857142857142,185.15625,284.7894736842105,205.84375,169.63888888888889,272.77272727272725,325.375,220.22222222222223,25.0,16.842105263157894,8.21917808219178
BEA,10,213.8909090909091,332.0,72.16727272727273,20.363636363636363,10311.967272727272,6.0,21.367259776575175,274.6666666666667,107.16666666666667,107.16666666666667,2.559833333333333,1.0048685513815008,-15.0,-15.0,,,,161.23684210526315,212.67857142857142,180.12121212121212,281.55555555555554,212.51724137931035,176.66666666666666,267.42857142857144,319.8125,199.9655172413793,29.20353982300885,18.681318681318682,8.571428571428571
BOR,10,215.6728624535316,335.0,71.09293680297398,19.33085501858736,10377.46096654275,6.0,22.437673130193907,287.3333333333333,108.5,108.5,2.7000000000000006,1.0447712668330813,-15.0,-15.0,1.3567696443970982,1.2963960324940533,,156.61111111111111,205.85714285714286,188.1,276.6470588235294,213.57692307692307,159.86111111111111,274.39130434782606,324.73333333333335,214.7741935483871,29.245283018867923,16.470588235294116,9.333333333333334
COL,10,218.8231046931408,333.0,74.2057761732852,18.050541516245488,10404.028880866426,6.0,22.449860724233975,287.6666666666667,112.0,112.0,2.6864999999999988,0.8509746862666748,-15.0,-15.0,1.0230304874955614,1.0264799605044657,,153.25641025641025,219.2962962962963,191.125,254.16666666666666,231.28571428571428,172.72222222222223,272.4736842105263,323.05263157894734,207.68965517241378,26.168224299065418,15.625,9.722222222222223
GAS,10,213.8808664259928,331.0,72.64259927797833,17.689530685920577,10339.61010830325,6.0,19.436775262286037,291.5,115.0,115.0,2.3466666666666676,0.6804674047218487,-15.0,-15.0,1.0286105615583625,1.019388716843948,,156.76315789473685,206.25925925925927,182.36666666666667,277.05,196.22222222222223,162.89743589743588,272.4782608695652,322.04761904761904,197.89285714285714,25.0,18.27956989247312,7.59493670886076
HAD,10,216.7709090909091,333.0,73.13454545454546,17.09090909090909,10273.752727272727,6.0,19.899663214969458,286.3333333333333,110.33333333333333,110.33333333333333,2.373333333333332,0.9289398377840308,-15.0,-15.0,1.1330086744787704,1.1409272474305463,,158.52631578947367,207.21428571428572,183.4848484848485,289.36842105263156,204.6206896551724,166.92105263157896,276.0,323.6666666666667,220.92592592592592,20.5607476635514,18.085106382978726,10.95890410958904
HAM,10,214.74253731343285,333.0,74.08208955223881,20.149253731343283,10456.951492537313,6.0,19.052719099223523,280.8333333333333,112.16666666666667,112.16666666666667,2.253333333333334,0.8477945243722418,-15.0,-15.0,1.0188200679754476,1.0186257349311074,,164.63636363636363,205.89655172413794,178.70967741935485,271.42857142857144,215.11111111111111,161.47368421052633,262.45454545454544,321.4,211.5,27.450980392156865,21.27659574468085,8.450704225352112
HUL,10,214.92250922509226,332.0,71.33210332103322,17.712177121771216,10493.265682656827,6.0,20.17558528428091,284.5,111.5,111.5,2.412999999999997,0.9666185045473398,-15.0,-15.0,1.1343276010754324,1.1814101701000854,,153.7027027027027,218.4,186.23529411764707,250.25,231.34615384615384,161.80555555555554,278.2631578947368,325.1875,204.72413793103448,25.0,15.957446808510639,9.722222222222223
LAW,10,216.30434782608697,332.0,73.21014492753623,18.115942028985508,10309.72463768116,7.0,21.48394241417497,258.0,104.42857142857143,104.42857142857143,2.2171428571428566,1.0326901663092556,-13.353174603174612,-15.0,1.2920915132146298,1.2172703200035906,,161.17948717948718,210.48387096774192,185.6764705882353,287.15,206.26923076923077,167.85,268.05,321.5,214.08,23.14814814814815,18.75,9.859154929577464
LEC,10,215.3166023166023,334.0,73.46718146718146,18.53281853281853,10342.18918918919,6.0,19.687048695335175,280.0,110.33333333333333,110.33333333333333,2.3401666666666663,0.8053118271135029,-15.0,-15.0,1.0114137878557297,1.0237422018760378,,165.11428571428573,211.0,184.56666666666666,286.85714285714283,199.69230769230768,155.78947368421052,269.70588235294116,323.3529411764706,220.84615384615384,25.252525252525253,18.27956989247312,9.090909090909092
NOR,10,218.87109375,334.0,71.6328125,19.140625,10423.51171875,6.0,21.72655811341942,287.5,112.66666666666667,112.66666666666667,2.579666666666665,0.9647593251975111,-15.0,-15.0,1.1288997108507077,1.1703244917194022,,158.2058823529412,215.28571428571428,185.78571428571428,269.4736842105263,220.6551724137931,159.68571428571428,280.29411764705884,326.5263157894737,215.36,27.0,18.88888888888889,7.6923076923076925
OCO,10,215.76865671641792,330.0,72.32462686567165,20.522388059701495,10329.089552238805,6.0,21.84122562674094,286.1666666666667,108.16666666666667,108.5,2.6136666666666657,0.6371500782564681,-15.0,-15.0,,,,160.02702702702703,198.73076923076923,186.08823529411765,263.4,220.3846153846154,170.1875,271.85714285714283,322.14285714285717,206.5185185185185,29.523809523809526,18.27956989247312,10.144927536231885
PIA,10,220.73408239700373,331.0,72.90262172284645,17.60299625468165,10447.61797752809,6.0,21.22858630931434,286.0,113.66666666666667,113.66666666666667,2.5135,0.7718626281059778,-15.0,-15.0,1.181149495256937,1.2208159418338496,,161.78378378378378,211.36,190.2941176470588,278.85,219.0,167.85714285714286,271.1578947368421,324.6111111111111,218.57692307692307,26.21359223300971,15.217391304347828,8.450704225352112
RUS,10,219.8582089552239,332.0,73.48507462686567,18.28358208955224,10580.33208955224,6.0,20.97200435268014,275.6666666666667,111.16666666666667,111.16666666666667,2.4733333333333323,0.954614698306192,-15.0,-15.0,1.2724597981027748,1.2310937570127014,,161.71875,209.11111111111111,182.48387096774192,290.05,209.53846153846155,175.0952380952381,273.8421052631579,324.5882352941176,219.75,26.0,16.842105263157894,9.722222222222223
SAI,10,214.50746268656715,333.0,71.85820895522389,19.402985074626866,10251.022388059702,6.0,21.420643729189795,281.3333333333333,105.5,105.5,2.573333333333334,1.0163114133418403,-15.0,-15.0,,,,154.6,214.53846153846155,179.58064516129033,255.13636363636363,230.42857142857142,161.02777777777777,273.57142857142856,325.5263157894737,200.62962962962962,28.30188679245283,17.045454545454543,9.58904109589041
STR,10,213.15867158671585,337.0,71.2730627306273,19.557195571955717,10343.180811808119,6.0,20.928558574770566,273.6666666666667,108.5,108.5,2.519833333333334,0.9374293603016481,-15.0,-15.0,,,,152.6315789473684,208.03571428571428,178.06451612903226,290.77777777777777,196.51724137931035,172.0,249.76190476190476,322.6818181818182,198.6153846153846,25.961538461538463,18.27956989247312,12.32876712328767
TSU,10,216.13740458015266,333.0,73.37022900763358,16.412213740458014,10342.145038167939,6.0,20.154660041037957,256.3333333333333,108.33333333333333,108.33333333333333,2.4065000000000007,0.9504584420162726,-15.0,-15.0,1.2003753868005884,1.2297024370539924,,161.0810810810811,204.15384615384616,188.59375,286.7368421052632,203.78571428571428,169.9090909090909,270.2631578947368,322.8888888888889,215.61290322580646,23.0,14.772727272727273,9.58904109589041
VER,10,221.36194029850745,335.0,73.86194029850746,17.91044776119403,10406.567164179105,6.0,19.77542372881356,268.5,111.66666666666667,111.66666666666667,2.3335,0.8301836644181017,-15.0,-15.0,1.1576117283011211,1.1743189264395675,,162.27777777777777,206.5,187.2258064516129,276.04,218.5,173.08333333333334,263.96,325.8,208.1153846153846,26.262626262626267,17.582417582417584,7.894736842105263
ALB,11,239.61885245901638,323.0,76.89344262295081,17.21311475409836,10689.237704918032,7.0,20.572472781437632,288.0,169.57142857142858,169.57142857142858,1.9138571428571427,0.8158552792834627,-14.598696322834277,-15.0,1.0166410807491557,,,218.53846153846155,290.6190476190476,186.33333333333334,255.7,212.31034482758622,237.10714285714286,238.04166666666666,286.95,232.38095238095238,21.428571428571427,14.772727272727273,15.492957746478872
ALO,11,237.70781893004116,321.0,75.97119341563786,15.637860082304528,10572.440329218107,7.0,20.016985793699813,284.7142857142857,167.42857142857142,167.42857142857142,1.8518571428571426,0.8804072805195536,-14.047619047619078,-15.0,1.0128338962235186,1.0211703474468983,1.017974025974026,218.0,286.90909090909093,177.1875,267.5238095238095,200.0,236.62962962962962,231.35294117647058,280.23809523809524,246.06451612903226,21.428571428571427,16.470588235294116,8.21917808219178
ANT,11,236.10416666666666,323.0,75.09583333333333,17.916666666666668,10728.908333333333,7.0,20.998447204968958,291.85714285714283,172.14285714285714,172.14285714285714,1.9318571428571443,0.6649662566243338,-14.132653061224485,-15.0,1.0033159349094258,1.2334716556477705,,225.60714285714286,295.3888888888889,163.48387096774192,265.5217391304348,190.78125,239.33333333333334,242.33333333333334,296.25,233.13636363636363,22.78481012658228,17.857142857142858,13.157894736842104
BEA,11,237.1469387755102,322.0,74.04081632653062,18.775510204081634,10696.436734693878,7.0,20.21102895871842,289.85714285714283,171.28571428571428,171.28571428571428,1.8744285714285713,0.7270788633080928,-14.593253968253928,-15.0,1.0164568621430765,1.015543677029118,1.0278961038961039,222.48,290.05555555555554,182.78787878787878,253.75,201.6,242.33333333333334,230.84,274.5238095238095,245.07692307692307,23.456790123456788,18.51851851851852,14.634146341463413
BOR,11,241.65369649805447,324.0,77.13229571984436,15.953307392996107,10657.486381322957,7.0,20.270919545574305,286.2857142857143,171.42857142857142,171.42857142857142,1.8684285714285713,0.6896151840271605,-14.399092970521577,-15.0,1.4911882100092109,1.226684484456323,,220.08,294.2608695652174,180.97222222222223,283.8695652173913,191.8709677419355,237.25925925925927,247.28,294.10526315789474,241.04166666666666,17.77777777777778,16.304347826086957,13.513513513513514
COL,11,239.78423236514521,323.0,77.07053941908714,16.182572614107883,10572.780082987552,7.0,22.270203578038245,285.0,171.14285714285714,171.14285714285714,2.0628571428571427,0.6530306115273888,-14.345238095238127,-15.0,1.020939514891004,1.018919679279786,1.0222337662337664,218.08695652173913,292.3157894736842,184.5625,267.35,203.28125,239.0909090909091,237.3913043478261,278.4761904761905,247.48275862068965,15.18987341772152,16.666666666666664,16.883116883116884
GAS,11,239.56666666666666,322.0,77.90416666666667,15.416666666666668,10731.754166666668,7.0,21.212121212121207,288.7142857142857,172.57142857142858,172.57142857142858,1.9599999999999997,0.7147668950683945,-14.246031746031749,-15.0,1.0108074915566472,1.0132578421718947,1.0167272727272727,229.0,301.1111111111111,167.20689655172413,284.96,181.93103448275863,237.7826086956522,241.35,289.57142857142856,241.88,19.047619047619047,16.867469879518072,9.722222222222223
HAD,11,236.3909465020576,325.0,74.91358024691358,16.46090534979424,10528.753086419752,7.0,20.66779765576804,291.0,170.28571428571428,170.28571428571428,1.9144285714285711,0.7126473496042485,-15.0,-15.0,1.0166410807491557,1.013574342382895,1.0225974025974025,216.70833333333334,284.15,178.6969696969697,261.4583333333333,189.16,241.24,235.9,286.88235294117646,239.2962962962963,23.170731707317074,15.66265060240964,10.38961038961039
HAM,11,240.29166666666666,324.0,76.15416666666667,18.333333333333332,10727.533333333333,7.0,20.357271123186717,291.0,172.42857142857142,172.42857142857142,1.8624285714285722,0.6060461691848829,-14.510582010582,-15.0,1.2790911882100091,1.4202067801378533,,226.39285714285714,290.7647058823529,187.93548387096774,260.95238095238096,196.86206896551724,239.30769230769232,241.4090909090909,293.5,236.79166666666666,18.9873417721519,18.823529411764707,17.333333333333336
HUL,11,235.68776371308016,320.0,77.15611814345992,14.767932489451477,10558.497890295359,7.0,19.76407949694773,288.14285714285717,169.0,169.0,1.8454285714285723,0.6747483884790693,-14.841269841269801,-15.0,1.0181762357998156,1.022190181460121,1.0367792207792208,215.33333333333334,287.0625,174.15151515151516,276.4,194.9655172413793,240.4090909090909,234.35714285714286,287.6,237.04761904761904,20.51282051282051,12.790697674418606,11.267605633802818
LAW,11,237.2310924369748,322.0,78.21008403361344,15.126050420168067,10654.634453781513,7.0,19.80352722772277,283.57142857142856,171.57142857142858,171.57142857142858,1.8287142857142855,0.6897692604437091,-14.132653061224485,-15.0,1.5222597482345717,1.2556618371078916,,223.16666666666666,289.44444444444446,180.61290322580646,253.16666666666666,194.64285714285714,240.4,238.91666666666666,285.39130434782606,233.125,20.0,12.222222222222221,13.88888888888889
LEC,11,241.13692946058092,327.0,78.68464730290457,15.767634854771783,10648.929460580914,7.0,19.94996873045655,280.0,173.28571428571428,173.28571428571428,1.822857142857144,0.7061710494068746,-14.64285714285712,-15.0,1.2055265581823764,1.3833169222112813,,220.34615384615384,284.8421052631579,186.63888888888889,272.6818181818182,207.6086956521739,233.37037037037038,241.52,290.3888888888889,255.3181818181818,17.441860465116278,14.457831325301203,15.492957746478872
NOR,11,242.32905982905982,324.0,74.86324786324786,13.675213675213676,10755.863247863248,7.0,18.573616967514727,289.2857142857143,178.14285714285714,178.14285714285714,1.6801428571428574,0.663729813482959,-14.64285714285712,-15.0,1.2687749462695732,1.392073428048952,,219.79166666666666,291.54545454545456,186.17241379310346,262.5652173913044,190.44,241.7037037037037,249.4,292.3125,255.1904761904762,21.333333333333336,14.117647058823529,5.47945205479452
OCO,11,238.29045643153526,323.0,78.1701244813278,18.25726141078838,10592.780082987552,8.0,20.648572001048095,257.375,166.125,167.25,1.6746250000000018,0.7881318001292666,-13.545234614313557,-15.0,1.0201412342646607,1.020256013504009,1.0254025974025975,223.03571428571428,297.4375,176.11764705882354,282.3181818181818,185.2962962962963,244.8695652173913,233.1304347826087,284.24,237.25,18.072289156626507,17.28395061728395,19.736842105263158
PIA,11,241.1747967479675,326.0,73.9308943089431,15.447154471544716,10675.829268292682,7.0,20.394583417546375,291.2857142857143,176.85714285714286,176.85714285714286,1.8740000000000006,0.6934623277439074,-14.421687432440141,-15.0,1.0112987411728585,1.0125193416795613,1.0022337662337661,209.74074074074073,299.6666666666667,167.8235294117647,290.0,197.71428571428572,243.25,244.66666666666666,290.95652173913044,246.08,17.582417582417584,15.384615384615385,13.157894736842104
RUS,11,237.99159663865547,324.0,76.3781512605042,17.22689075630252,10914.042016806723,7.0,20.456636671293328,287.57142857142856,170.71428571428572,170.71428571428572,1.8738571428571422,0.9081455875371874,-13.738178948742037,-15.0,1.3198035001535153,1.3199113799409201,,211.30434782608697,291.7142857142857,184.02941176470588,274.35,191.16129032258064,239.6818181818182,241.92307692307693,289.1111111111111,242.56,21.686746987951807,20.253164556962027,9.333333333333334
SAI,11,234.87295081967213,323.0,77.20491803278688,17.21311475409836,10481.327868852459,7.0,18.64848698639591,270.57142857142856,165.85714285714286,165.85714285714286,1.7369999999999994,0.6845538693192808,-14.699546485260763,-15.0,1.014123426466073,1.024405682937122,1.0356883116883118,219.76923076923077,287.2631578947368,180.94117647058823,255.125,200.03333333333333,232.9,232.14285714285714,281.15,240.0,21.052631578947366,14.285714285714285,17.105263157894736
STR,11,238.19421487603304,324.0,76.58677685950413,16.94214876033058,10562.03305785124,7.0,20.66881918819187,283.0,165.28571428571428,165.28571428571428,1.9204285714285707,0.6411598546257206,-14.699546485260766,-15.0,1.0136935830518883,1.0211000140666762,1.0277922077922077,218.76,284.3333333333333,180.6,260.52,187.62962962962962,238.32,237.2173913043478,285.59090909090907,243.3181818181818,18.51851851851852,16.470588235294116,16.0
TSU,11,234.0125,326.0,74.04583333333333,15.0,10507.7625,7.0,18.302851614686507,279.7142857142857,168.0,168.0,1.7027142857142856,0.7758782515475537,-14.841269841269833,-15.0,1.0177463923856311,1.020783513855676,1.026909090909091,209.85185185185185,291.2105263157895,166.58064516129033,257.90909090909093,199.42857142857142,237.65,242.875,292.6666666666667,232.6086956521739,22.5,12.5,9.859154929577464
VER,11,238.20238095238096,323.0,75.20238095238095,16.666666666666664,10757.472222222223,7.0,21.627942998760837,289.7142857142857,169.0,169.0,1.9947142857142854,0.5840314850333007,-14.269332881432529,-15.0,1.513662879950875,1.285026023350682,,216.14285714285714,289.6842105263158,184.64705882352942,261.38461538461536,190.96296296296296,239.92307692307693,237.20833333333334,286.2608695652174,240.24,20.238095238095237,17.77777777777778,11.688311688311687
ALB,12,244.44753086419752,322.0,77.29938271604938,14.19753086419753,10490.941358024691,8.0,19.353100361991995,268.875,170.25,170.25,2.0649999999999986,0.6109627648228652,-13.64845058626464,-15.0,1.011275597424799,1.0142171724604834,1.0175695461200585,264.64285714285717,168.2093023255814,270.82758620689657,195.85714285714286,306.28,303.875,264.7878787878788,313.69565217391306,223.3783783783784,18.91891891891892,9.70873786407767,13.761467889908257
ALO,12,245.7015873015873,323.0,76.61587301587302,12.698412698412698,10612.298412698412,10.0,19.771581656032993,265.6,192.7,192.7,1.6826999999999999,0.9499147382791777,-12.008686555019295,-15.0,1.2781071545484306,1.40741176816884,,292.55555555555554,164.65217391304347,276.4,198.95,303.7857142857143,296.82758620689657,266.44444444444446,307.18518518518516,197.54285714285714,12.62135922330097,13.274336283185843,12.244897959183673
ANT,12,244.0097087378641,323.0,77.08090614886731,12.62135922330097,10664.53721682848,9.0,15.250229406366886,260.77777777777777,184.11111111111111,184.11111111111111,1.440333333333331,0.7307839017870538,-13.764183623801316,-15.0,1.1797184737933293,1.2759544344037912,,259.0,169.58536585365854,257.96774193548384,201.24242424242425,306.1666666666667,304.10714285714283,258.4074074074074,314.32,196.3846153846154,21.100917431192663,4.081632653061225,11.881188118811881
BEA,12,245.90522875816993,320.0,76.72549019607843,13.725490196078432,10616.683006535948,7.0,17.93993028250842,263.14285714285717,157.85714285714286,157.85714285714286,2.1835714285714283,0.3212732958280912,-14.510582010582043,-15.0,1.4045393372858548,1.3774762311247166,,281.64,167.95454545454547,272.85185185185185,200.2439024390244,304.75,303.0769230769231,267.44827586206895,308.7083333333333,211.02702702702703,18.446601941747574,9.900990099009901,12.871287128712872
BOR,12,244.87898089171975,322.0,78.56050955414013,13.375796178343949,10501.442675159236,8.0,18.86733271375466,265.0,168.875,168.875,2.0301250000000013,0.8556360846615818,-12.878624608150476,-15.0,,,,283.55555555555554,160.61904761904762,269.54285714285714,197.24324324324326,297.625,295.55172413793105,259.74074074074076,308.2692307692308,214.52941176470588,20.0,9.0,10.679611650485436
COL,12,240.56,323.0,77.08,12.923076923076923,10394.895384615385,9.0,19.477440147329656,266.3333333333333,182.11111111111111,182.11111111111111,1.8802222222222227,0.8380987448820344,-12.920524691358032,-15.0,1.0273524169788675,,,287.82142857142856,159.31914893617022,271.2692307692308,192.0909090909091,300.04545454545456,297.74074074074076,258.09375,307.5925925925926,213.0857142857143,19.26605504587156,9.615384615384617,9.90990990990991
GAS,12,247.46604938271605,326.0,78.64814814814815,11.11111111111111,10606.70061728395,9.0,20.07715669375358,272.44444444444446,188.88888888888889,188.88888888888889,1.9024444444444437,0.717399022876872,-12.242833252368898,-15.0,1.3044775033644926,1.24016130456539,,284.14285714285717,165.0,269.83870967741933,200.3846153846154,302.57142857142856,302.3448275862069,260.25,313.7037037037037,212.55555555555554,16.51376146788991,8.256880733944955,8.571428571428571
HAD,12,245.63888888888889,323.0,80.06481481481481,9.5679012345679,10560.867283950618,10.0,16.98053470919324,251.3,191.3,191.3,1.4480999999999995,0.7716209496896795,-12.273809523809524,-15.0,1.0150220056014259,1.0142760427398227,1.0119714064249419,202.85,217.1891891891892,244.59259259259258,210.47058823529412,302.7857142857143,300.28,261.86206896551727,315.68,212.17948717948718,14.655172413793101,6.0606060606060606,7.4074074074074066
HAM,12,247.12420382165604,324.0,78.6687898089172,16.24203821656051,10524.52229299363,8.0,17.700921566545137,270.75,170.625,170.625,1.875125000000001,0.7070410945447234,-14.277604887044692,-15.0,1.0012730513221548,1.0060636387719661,1.0066747050211007,304.4761904761905,154.25,298.65384615384613,198.47826086956522,306.18518518518516,302.18518518518516,270.80645161290323,308.7083333333333,210.1315789473684,16.161616161616163,16.216216216216218,16.50485436893204
HUL,12,241.4018691588785,323.0,78.11214953271028,12.149532710280374,10487.457943925234,9.0,17.634570765661245,261.55555555555554,177.66666666666666,177.66666666666666,1.6889999999999992,0.8276763994594882,-13.408289241622573,-15.0,,,,293.58620689655174,156.73469387755102,283.3181818181818,192.55555555555554,299.5652173913044,296.7391304347826,263.20588235294116,314.4347826086956,223.19444444444446,13.88888888888889,11.428571428571429,11.214953271028037
LAW,12,244.86750788643533,319.0,79.50157728706624,11.35646687697161,10519.271293375394,8.0,18.78504672897198,259.5,168.375,168.375,2.0100000000000016,0.7596053251524765,-13.07291666666671,-15.0,1.0224057032699234,1.020310246372119,1.019205925415554,280.53846153846155,173.0204081632653,255.5151515151515,200.61111111111111,303.55555555555554,298.5882352941176,255.75,311.38461538461536,213.6,16.363636363636363,7.4074074074074066,10.204081632653061
LEC,12,246.7859424920128,321.0,78.0702875399361,14.696485623003195,10553.105431309905,9.0,16.7520056630486,270.0,188.33333333333334,188.33333333333334,1.577666666666666,0.7609174287222834,-12.83937081815031,-15.0,,,,277.5925925925926,178.17391304347825,262.0,206.23684210526315,305.23809523809524,304.38461538461536,267.03333333333336,312.48,218.05405405405406,19.090909090909093,9.375,15.09433962264151
NOR,12,246.78175895765472,319.0,75.60260586319218,12.37785016286645,10496.42345276873,9.0,19.838214454416633,247.88888888888889,170.11111111111111,170.11111111111111,1.8665555555555562,0.7535679739466282,-12.903405256053308,-15.0,1.0200050922052886,,,258.7857142857143,172.21951219512195,254.5142857142857,215.0,306.4,303.04,267.8965517241379,311.3181818181818,209.65625,17.272727272727273,8.24742268041237,11.11111111111111
OCO,12,244.99690402476782,319.0,78.25386996904025,12.38390092879257,10476.343653250775,8.0,16.728971962616825,244.75,158.625,158.625,1.7900000000000003,0.6997858601029315,-14.716435185185173,-15.0,1.0133852253300841,1.012598239778648,1.0200671776763413,271.76666666666665,168.53191489361703,253.8709677419355,205.44444444444446,303.7037037037037,303.24,263.13793103448273,305.07142857142856,213.97142857142856,15.65217391304348,5.9405940594059405,15.09433962264151
PIA,12,246.82108626198084,321.0,75.52715654952077,12.140575079872203,10551.964856230032,8.0,19.47759433962265,255.125,175.625,175.625,2.064625000000001,0.5928188883419632,-13.165471055555997,-15.0,,,,296.95652173913044,165.27083333333334,288.12,185.275,304.5769230769231,303.7037037037037,266.3333333333333,310.7241379310345,205.79310344827587,16.346153846153847,9.803921568627452,10.377358490566039
RUS,12,246.50485436893203,324.0,78.44336569579288,13.915857605177994,10744.57928802589,9.0,18.92361727037287,274.6666666666667,189.0,189.0,1.7780000000000002,0.7654925792513538,-12.527006172839492,-15.0,1.0054923071327246,1.00559267653725,1.0,248.54545454545453,189.9512195121951,261.04,207.975,307.0,302.8333333333333,266.1111111111111,305.14814814814815,205.8,19.444444444444446,7.142857142857142,14.705882352941178
SAI,12,246.9967637540453,326.0,77.7378640776699,12.944983818770226,10463.449838187702,9.0,19.451528342842245,251.44444444444446,165.0,165.0,1.8221111111111123,0.7985601548960822,-13.724279835390977,-15.0,1.0072745789837414,1.0140111264827951,1.0164499181810351,263.25,179.25,278.2916666666667,185.07894736842104,308.4583333333333,303.76,267.90909090909093,316.7692307692308,221.78378378378378,18.367346938775512,8.333333333333332,12.280701754385964
STR,12,241.15123456790124,326.0,76.1358024691358,14.506172839506174,10445.293209876543,10.0,18.951575532900847,249.8,173.5,173.5,1.6359000000000008,0.7944353277643188,-12.670634920634905,-15.0,1.457571018077329,,,253.29032258064515,166.84444444444443,251.6216216216216,205.47368421052633,304.72727272727275,300.5769230769231,260.0,308.5806451612903,214.65714285714284,19.327731092436977,11.224489795918368,12.264150943396226
TSU,12,242.6676923076923,328.0,76.04307692307692,11.076923076923077,10421.713846153847,7.0,17.909241098105362,263.14285714285717,150.85714285714286,150.85714285714286,2.1835714285714256,0.35681962515809057,-14.60506424792139,-15.0,1.0134943440148403,1.0108615665381333,1.017138919989665,262.59375,182.41666666666666,247.17241379310346,202.23684210526315,308.4583333333333,309.27272727272725,261.0625,315.82608695652175,205.07692307692307,16.101694915254235,5.263157894736842,10.81081081081081
VER,12,244.05362776025237,324.0,74.69400630914826,13.880126182965299,10472.89905362776,11.0,16.56866340909361,268.54545454545456,203.45454545454547,203.45454545454547,1.27309090909091,0.764834082369319,-12.863155363155352,-15.0,1.3089877423344125,1.3262002178200336,,306.1666666666667,155.40816326530611,302.875,183.4090909090909,305.48,310.7586206896552,266.0,316.60869565217394,214.95238095238096,14.000000000000002,14.953271028037381,12.844036697247708
ALB,13,247.20385674931129,340.0,79.72176308539945,13.498622589531681,10654.071625344353,10.0,15.324442675159256,262.5,170.6,170.6,1.5398000000000018,0.8062608510897704,-11.55208333333334,-15.0,1.2886327744363428,1.3482554312047401,,235.53658536585365,315.6923076923077,302.25,199.075,250.25641025641025,290.89285714285717,210.85106382978722,293.06666666666666,316.0,10.091743119266056,18.4,11.904761904761903
ALO,13,241.93915343915344,340.0,77.16402116402116,12.433862433862434,10807.891534391534,10.0,14.844915586965039,259.2,166.5,166.5,1.5123999999999982,0.8135544480856819,-11.736441798941826,-15.0,1.0142468331037264,1.0346797705257218,1.012061600315899,228.525,309.6551724137931,316.08,192.71153846153845,238.11904761904762,292.7391304347826,205.95555555555555,290.4102564102564,312.96153846153845,9.345794392523365,18.045112781954884,9.558823529411764
ANT,13,242.05670103092783,341.0,77.91752577319588,12.371134020618557,10921.909793814433,11.0,15.54046761707597,244.45454545454547,167.0,167.0,1.439909090909091,0.9612113999385867,-10.89646464646464,-15.0,1.0099123013339606,1.0392175303301046,1.0009333381196825,217.4375,318.4117647058824,272.7,191.95833333333334,259.46875,257.3255813953488,220.88095238095238,306.56,314.8965517241379,10.655737704918032,13.47517730496454,12.903225806451612
BEA,13,243.7724867724868,338.0,77.96296296296296,15.873015873015872,10616.57671957672,12.0,17.226531424025477,256.5,175.33333333333334,175.33333333333334,1.4435833333333352,1.0417297680887407,-10.24884259259262,-15.0,1.0129699942878263,1.0150474936518386,1.0158308504146174,235.16666666666666,309.36,320.0357142857143,200.44444444444446,252.61290322580646,271.5897435897436,226.27083333333334,300.37931034482756,310.86206896551727,11.11111111111111,23.357664233576642,12.121212121212121
BOR,13,247.7223650385604,343.0,79.22365038560412,12.339331619537274,10746.305912596401,8.0,16.153838501407662,263.25,142.625,142.625,2.0297499999999995,0.8075366477751952,-13.358134920634932,-15.0,1.484358724505225,1.2554782281576227,,214.4468085106383,314.875,267.0810810810811,210.8139534883721,267.45714285714286,264.8157894736842,227.2439024390244,303.16129032258067,316.46666666666664,13.333333333333334,10.79136690647482,13.178294573643413
COL,13,242.38964577656677,344.0,77.0599455040872,13.35149863760218,10571.201634877385,10.0,17.408428515163468,248.4,151.0,151.0,1.7680000000000018,1.0501353246129754,-11.402728036432773,-15.0,1.008265851281879,1.0356672622966239,1.0039128405786697,207.75,321.2413793103448,264.45454545454544,205.4047619047619,261.07894736842104,259.77142857142854,219.3846153846154,305.64,319.3448275862069,15.04424778761062,13.636363636363635,11.570247933884298
GAS,13,244.88051948051947,341.0,79.1948051948052,11.948051948051948,10638.05974025974,9.0,14.064460050769942,251.77777777777777,154.0,154.0,1.5821111111111108,0.9516069968969378,-11.714677640603568,-15.0,1.0083330533248211,1.0255572274992948,1.0053128477581936,211.2093023255814,317.48387096774195,289.34285714285716,192.47916666666666,266.86486486486484,255.13888888888889,223.42857142857142,306.93939393939394,316.85714285714283,8.849557522123893,15.107913669064748,11.363636363636363
HAD,13,247.51413881748073,337.0,79.74550128534705,11.825192802056556,10575.560411311055,8.0,15.375342140887922,257.375,138.375,138.375,1.9449999999999978,0.8828564435965793,-13.378802910052896,-15.0,1.2117200362891032,1.425514906423399,,253.33333333333334,314.46666666666664,287.9166666666667,199.26785714285714,285.0689655172414,257.05405405405406,230.04651162790697,306.89285714285717,309.9,11.200000000000001,11.278195488721805,13.076923076923078
HAM,13,245.08446866485014,343.0,78.2016348773842,14.986376021798364,10649.217983651226,10.0,17.048145224940814,265.6,165.0,165.0,1.7280000000000009,0.8496307433232384,-11.353395061728417,-15.0,1.00957629111925,1.0260744850935766,1.0043077143985355,244.75,314.53333333333336,290.09375,188.02272727272728,258.7352941176471,264.07894736842104,222.7948717948718,304.2142857142857,315.5357142857143,9.734513274336283,19.548872180451127,15.254237288135593
HUL,13,245.5706940874036,340.0,78.32133676092545,12.853470437017995,10653.874035989717,10.0,16.396681153694175,265.4,166.9,166.9,1.659999999999998,1.0572116155245364,-11.648809523809524,-15.0,1.0135412116528344,1.0205727452271232,1.0100154359765947,210.22727272727272,314.6756756756757,277.2962962962963,202.7962962962963,272.51428571428573,262.45714285714286,224.67441860465115,305.19354838709677,314.2,11.403508771929824,15.602836879432624,11.278195488721805
LAW,13,251.44266666666667,341.0,81.94933333333333,10.133333333333333,10591.08,10.0,14.828362129637906,260.7,170.5,170.5,1.4959000000000018,0.9538781316289824,-11.14616402116402,-15.0,1.401364201471725,1.3193830527602748,,219.4090909090909,315.03225806451616,312.7647058823529,202.66666666666666,241.26829268292684,296.25,216.47619047619048,299.0,316.7241379310345,5.084745762711865,16.793893129770993,8.0
LEC,13,249.04054054054055,344.0,80.35405405405406,12.162162162162163,10719.627027027027,10.0,16.446634806849858,268.0,169.6,169.6,1.6519,0.8429486876435612,-11.513227513227505,-15.0,1.001948859245321,1.012155553465626,1.006282083497864,227.73170731707316,316.5483870967742,306.06060606060606,199.2173913043478,255.88888888888889,272.97058823529414,219.51282051282053,302.51724137931035,317.88461538461536,8.403361344537815,15.384615384615385,12.5
NOR,13,247.98930481283423,339.0,77.47058823529412,11.76470588235294,10792.032085561497,11.0,16.36483109487161,264.54545454545456,175.45454545454547,175.45454545454547,1.494272727272727,0.9903132737499236,-10.460539112576718,-15.0,1.0081986492389368,1.001105050315057,1.0043436120185232,210.78571428571428,313.62068965517244,308.46666666666664,205.4318181818182,250.5151515151515,296.9375,219.0,300.5925925925926,314.625,9.734513274336283,15.748031496062993,9.774436090225564
OCO,13,246.14713896457766,345.0,77.52588555858311,14.441416893732969,10652.792915531336,10.0,16.713861386138607,255.7,166.6,166.6,1.6880999999999993,0.910893456997031,-12.422619047619104,-15.0,1.2933369174422902,1.3328787736292673,,224.5952380952381,317.78125,320.5416666666667,195.5625,250.27027027027026,273.0357142857143,214.30232558139534,304.16129032258067,318.42857142857144,9.734513274336283,21.428571428571427,11.811023622047244
PIA,13,248.36458333333334,337.0,78.13802083333333,11.458333333333332,10709.0234375,8.0,14.255049370513467,246.625,138.75,138.75,1.7847499999999992,0.8141056058644957,-13.506944444444418,-15.0,1.0125331810087026,1.002139565503621,1.0004307714398535,246.35135135135135,312.64285714285717,299.8,203.77777777777777,246.08333333333334,304.26666666666665,217.69767441860466,296.0,315.72727272727275,10.16949152542373,15.2,9.285714285714286
RUS,13,245.53684210526316,342.0,76.85,12.368421052631579,10834.131578947368,8.0,15.494054572138852,294.125,175.375,175.375,1.9398749999999993,0.9163381523078697,-12.614087301587297,-15.0,1.3850341050367931,1.358553559672717,,258.6216216216216,318.60714285714283,297.46875,197.22641509433961,261.22857142857146,287.06060606060606,210.20454545454547,300.037037037037,320.13793103448273,11.304347826086957,14.705882352941178,10.9375
SAI,13,244.79790026246718,339.0,77.69028871391076,13.648293963254593,10559.868766404199,10.0,16.19257313810092,270.6,168.9,168.9,1.6399999999999992,1.007694695828057,-11.304894179894204,-15.0,1.0133060045025368,1.022265588262955,1.0071077287575834,215.6,312.84615384615387,288.0285714285714,198.0222222222222,256.1515151515151,295.23333333333335,212.30232558139534,293.75,314.41379310344826,10.434782608695652,17.741935483870968,12.76595744680851
STR,13,246.4538258575198,340.0,79.6042216358839,10.554089709762533,10644.833773087072,11.0,17.06078431372549,232.45454545454547,144.0909090909091,144.0909090909091,1.582,0.9108777984100621,-10.703845467103037,-15.0,1.0154900708981554,1.035643750587793,1.013461607495423,256.5,310.46875,294.59375,192.6595744680851,251.73684210526315,289.1,209.21951219512195,293.6774193548387,311.18918918918916,7.82608695652174,15.909090909090908,7.633587786259542
TSU,13,247.92838196286473,340.0,77.28116710875332,12.20159151193634,10502.554376657825,12.0,17.768742562475186,254.66666666666666,172.41666666666666,172.41666666666666,1.4931666666666648,0.9997935481332574,-10.625000000000037,-15.0,1.3217297805853299,1.4280306592683158,,240.35,313.55172413793105,267.37142857142857,203.65217391304347,269.02941176470586,268.42857142857144,218.95,300.8709677419355,317.57142857142856,13.157894736842104,12.408759124087592,11.200000000000001
VER,13,247.69496021220158,337.0,80.06896551724138,12.20159151193634,10526.358090185677,9.0,15.871121718377095,265.0,157.0,157.0,1.7733333333333343,0.9056857438795568,-12.12191358024691,-15.0,1.3911158899230538,1.3583889777109002,,257.1290322580645,313.88235294117646,282.8965517241379,201.0,263.3170731707317,276.4516129032258,221.09756097560975,296.89285714285717,314.9032258064516,11.76470588235294,15.151515151515152,9.6
ALB,14,205.2027027027027,323.0,67.80405405405405,21.283783783783782,10387.070945945947,11.0,25.215789473684204,238.54545454545453,153.36363636363637,153.36363636363637,1.7421818181818176,0.688050714063989,-14.261063011062994,-15.0,1.0134517673721535,1.01770683248654,1.0306967447173043,243.34782608695653,208.68965517241378,192.0,264.77272727272725,177.92105263157896,184.78125,243.91666666666666,197.75,156.53658536585365,20.224719101123593,18.627450980392158,25.0
ALO,14,206.54804270462634,322.0,67.39145907473309,20.99644128113879,10542.711743772243,11.0,25.69009495065504,245.54545454545453,153.72727272727272,153.72727272727272,1.748818181818182,0.8016749305141552,-13.902266714766737,-15.0,1.0060679168037432,1.0058770000758324,1.0103274319436513,226.12,211.93548387096774,196.90322580645162,265.0952380952381,182.09677419354838,187.4,247.22727272727272,197.3448275862069,155.375,22.340425531914892,17.97752808988764,22.68041237113402
ANT,14,205.9010989010989,319.0,68.83516483516483,19.413919413919416,10877.095238095239,11.0,25.511597989416572,246.9090909090909,156.1818181818182,156.1818181818182,1.7487272727272718,0.7215165960302699,-14.167117604617628,-15.0,1.0100157180977447,1.0038674452111929,1.027317723205787,229.08333333333334,200.45454545454547,204.36,266.8,182.8,188.0909090909091,244.95454545454547,196.88,158.66666666666666,16.853932584269664,18.88888888888889,22.58064516129032
BEA,14,208.06810035842295,315.0,68.61290322580645,18.63799283154122,10630.921146953406,11.0,23.691043985161613,243.1818181818182,155.27272727272728,155.27272727272728,1.6256363636363624,0.5927848410414978,-14.012972789854517,-15.0,1.011514420440838,1.0118677485402292,1.0153721682847896,259.55,191.03333333333333,189.04166666666666,261.07142857142856,177.58823529411765,196.0,248.15384615384616,192.48387096774192,154.38235294117646,18.51851851851852,15.306122448979592,22.22222222222222
BOR,14,207.5409252669039,321.0,70.55516014234875,20.640569395017792,10722.67971530249,11.0,24.443411264612106,242.45454545454547,153.1818181818182,153.1818181818182,1.672818181818181,0.5946422634556038,-14.0088383838384,-15.0,1.3733596520086266,1.4215136118904983,,207.2,218.03846153846155,211.5,259.32,180.6060606060606,191.03125,249.4090909090909,193.78571428571428,159.5,17.045454545454543,22.68041237113402,22.105263157894736
COL,14,207.73793103448276,320.0,68.19655172413793,20.0,10426.572413793103,12.0,25.78215143035238,232.91666666666666,150.66666666666666,150.66666666666666,1.6199999999999999,0.7419210425195757,-13.513558201058196,-15.0,1.007676280293892,1.0138773034048685,1.026461069864839,211.61290322580646,226.58333333333334,202.76923076923077,268.72727272727275,195.6451612903226,176.05555555555554,247.41379310344828,197.6206896551724,153.56410256410257,20.930232558139537,21.0,18.446601941747574
GAS,14,204.14532871972318,320.0,68.69204152249135,19.031141868512112,10467.252595155709,11.0,25.03846153846152,247.27272727272728,155.63636363636363,155.63636363636363,1.716272727272726,0.7902823535592256,-14.223484848484842,-15.0,1.0078590488723178,1.0212709486615605,1.0212735579668761,199.4,205.78571428571428,226.95454545454547,265.90909090909093,182.61290322580646,181.75,243.4,185.85714285714286,153.92105263157896,20.43010752688172,16.304347826086957,20.388349514563107
HAD,14,208.46520146520146,316.0,69.78021978021978,18.681318681318682,10405.85347985348,11.0,25.02934898612593,244.36363636363637,154.54545454545453,154.54545454545453,1.7056363636363634,0.7654526020273326,-13.723695286195289,-15.0,1.2888474613444456,1.3093577007659059,,227.27272727272728,211.0,203.47058823529412,264.6521739130435,181.57142857142858,185.92857142857142,252.1304347826087,196.25806451612902,150.2941176470588,17.441860465116278,16.666666666666664,21.875
HAM,14,206.6294964028777,318.0,71.00719424460432,23.741007194244602,10707.26618705036,11.0,26.196977730646882,250.0909090909091,153.72727272727272,153.72727272727272,1.796636363636364,0.6393205587649307,-14.184704184704204,-15.0,1.008261139744855,1.0154318647152498,1.0155149438416144,197.21428571428572,210.66666666666666,225.69565217391303,262.6,180.90625,177.7058823529412,246.2608695652174,193.76923076923077,156.78787878787878,21.052631578947366,24.46808510638298,26.136363636363637
HUL,14,205.64788732394365,322.0,68.78873239436619,20.422535211267608,10706.151408450703,11.0,24.841772151898763,247.36363636363637,152.27272727272728,152.27272727272728,1.7127272727272747,0.6108874455039809,-14.271885521885508,-15.0,1.0105640238330227,1.022825509971942,1.0212735579668761,244.7826086956522,182.05405405405406,215.33333333333334,261.5,173.34285714285716,185.8,244.19230769230768,193.25,165.94594594594594,21.73913043478261,18.478260869565215,21.21212121212121
LAW,14,208.82269503546098,316.0,72.78368794326241,17.02127659574468,10371.287234042553,12.0,23.228027272364802,230.75,150.5,150.5,1.4564166666666667,0.7086259542632881,-13.234953703703718,-15.0,1.188068867200351,1.331652384924547,,223.8,218.41666666666666,195.86206896551724,269.40909090909093,190.77142857142857,178.0,245.30434782608697,206.28,155.875,16.483516483516482,17.02127659574468,17.708333333333336
LEC,14,210.25182481751824,315.0,70.13503649635037,22.26277372262774,10761.872262773722,11.0,23.164270500532485,246.63636363636363,156.54545454545453,156.54545454545453,1.5819090909090912,0.7211156072421834,-14.086700336700346,-15.0,1.0067258836860766,1.0029953742321984,1.01741861793261,232.07142857142858,212.86206896551724,208.10714285714286,267.4761904761905,199.3846153846154,183.3030303030303,249.77272727272728,199.5,155.3,19.565217391304348,22.093023255813954,25.263157894736842
NOR,14,209.65972222222223,318.0,66.26041666666667,18.40277777777778,10604.857638888889,11.0,26.517713365539443,248.27272727272728,157.27272727272728,157.27272727272728,1.7964545454545446,0.7607858811944355,-13.493635413698138,-15.0,1.0031436195489272,1.000834154849473,1.0018560822387206,221.46153846153845,222.32,191.88571428571427,269.375,201.9655172413793,168.8709677419355,242.66666666666666,196.52941176470588,165.11111111111111,20.652173913043477,15.463917525773196,19.387755102040817
OCO,14,207.6677966101695,320.0,70.30508474576271,24.74576271186441,10479.813559322034,11.0,26.965042372881364,244.54545454545453,151.54545454545453,151.54545454545453,1.8512727272727276,0.6031891141574232,-13.518518518518563,-15.0,1.0089922140585592,1.014976871160992,1.030411193603655,230.20833333333334,213.3548387096774,207.3939393939394,262.5,174.58823529411765,185.12121212121212,245.30769230769232,198.26666666666668,151.0,18.75,28.57142857142857,27.27272727272727
PIA,14,211.5719557195572,319.0,68.12915129151291,16.974169741697416,10640.446494464944,11.0,24.669532509403545,242.45454545454547,159.1818181818182,159.1818181818182,1.6694545454545453,0.7905017237214683,-13.002836127836146,-15.0,1.0072376357056696,1.0,1.0,240.53846153846155,209.16666666666666,200.39285714285714,266.7692307692308,186.1290322580645,182.14814814814815,243.5,205.15625,157.13333333333333,20.454545454545457,14.130434782608695,16.666666666666664
RUS,14,210.30337078651687,321.0,70.56554307116104,18.352059925093634,10754.606741573034,11.0,26.466115261472783,240.27272727272728,153.63636363636363,153.63636363636363,1.8035454545454541,0.5834340912587932,-13.8657215139056,-15.0,1.4440545381438024,1.3316903010540684,,223.14285714285714,204.30769230769232,202.53846153846155,265.0,188.03333333333333,172.2962962962963,244.82142857142858,195.46666666666667,159.6551724137931,18.29268292682927,17.77777777777778,19.148936170212767
SAI,14,207.06382978723406,321.0,70.86879432624113,19.858156028368796,10311.056737588653,12.0,26.865671641791046,231.66666666666666,154.41666666666666,154.41666666666666,1.68,0.6639277069079143,-13.359901094276138,-15.0,1.0079687100193735,1.0125123227420945,1.0171806586712355,234.71428571428572,208.11111111111111,192.87878787878788,267.7142857142857,198.39285714285714,168.4516129032258,237.12,208.96875,160.14285714285714,14.942528735632186,21.34831460674157,22.857142857142858
STR,14,207.78853046594983,319.0,69.73835125448029,16.48745519713262,10704.47311827957,10.0,23.87213027229045,249.0,152.1,152.1,1.7885000000000004,0.7142074278527203,-14.157407407407382,-15.0,1.004971305333187,1.001592477439903,1.0098991052731772,221.46666666666667,215.92307692307693,187.16666666666666,268.4166666666667,184.53333333333333,180.03333333333333,244.84,200.15625,157.86111111111111,18.6046511627907,13.186813186813188,17.82178217821782
TSU,14,206.07829181494662,321.0,70.07473309608541,16.72597864768683,10401.540925266903,11.0,25.148541114058364,242.1818181818182,151.9090909090909,151.9090909090909,1.7238181818181828,0.9139883446821835,-13.25021043771042,-15.0,1.009723288372263,1.0136498066277395,1.0252236817056921,191.22222222222223,221.36363636363637,200.53571428571428,269.3181818181818,179.0,182.62962962962962,246.48,197.67741935483872,151.27027027027026,19.318181818181817,11.956521739130435,19.0
VER,14,207.35338345864662,319.0,69.86466165413533,18.421052631578945,10413.567669172933,11.0,23.996487540080615,234.9090909090909,152.63636363636363,152.63636363636363,1.639636363636363,0.7130983959553189,-13.244949494949509,-15.0,1.3094637569908982,1.368317282171836,,242.95454545454547,208.95833333333334,197.41176470588235,270.57894736842104,203.24,169.54054054054055,246.34782608695653,194.1304347826087,157.48648648648648,18.823529411764707,21.34831460674157,15.384615384615385
ALB,15,218.14448669201522,331.0,70.22053231939164,20.912547528517113,10491.34980988593,9.0,27.092720970537265,250.0,164.88888888888889,164.88888888888889,2.0843333333333334,0.8565351390599475,-13.937389770723103,-15.0,1.0137854268344892,1.0233942130104658,1.0104712041884816,185.12121212121212,200.53571428571428,286.0,276.0,191.96428571428572,161.83870967741936,225.08,174.42105263157896,269.17391304347825,17.441860465116278,28.235294117647058,17.582417582417584
ALO,15,219.80769230769232,332.0,71.08846153846154,15.769230769230768,10773.015384615384,10.0,25.714077952297842,241.6,161.8,161.8,1.7680999999999998,0.6584637347644897,-13.162037037037047,-15.0,1.2132031852042127,1.427949928175662,,183.66666666666666,192.82758620689654,284.1904761904762,275.05263157894734,201.4,173.58064516129033,188.02702702702703,209.62962962962962,274.57894736842104,18.39080459770115,15.476190476190476,13.793103448275861
ANT,15,219.8566037735849,328.0,72.66037735849056,15.471698113207546,10732.581132075471,11.0,23.983198146002323,226.54545454545453,159.45454545454547,159.45454545454547,1.505272727272728,0.7045887376734018,-12.702020202020197,-15.0,1.0214915660587378,1.0096039400779808,1.0103271050482732,191.36666666666667,188.21428571428572,271.0,278.1,212.87878787878788,160.19444444444446,254.1578947368421,168.8,259.6521739130435,20.481927710843372,16.129032258064516,10.227272727272728
BEA,15,216.8230769230769,324.0,71.98461538461538,21.153846153846153,10634.8,10.0,24.322203196347033,236.8,162.3,162.3,1.7045000000000001,0.4419233530828618,-13.593499923053258,-15.0,1.034163883894169,1.0233942130104658,1.0169076324511264,191.36111111111111,197.32142857142858,284.72222222222223,259.77272727272725,174.72222222222223,186.4375,180.3793103448276,219.95833333333334,278.57894736842104,20.238095238095237,26.041666666666668,16.455696202531644
BOR,15,219.35249042145594,330.0,71.44444444444444,19.54022988505747,10579.858237547893,9.0,22.306916426512974,236.22222222222223,149.77777777777777,149.77777777777777,1.7201111111111116,0.8083895436737079,-14.140701548108954,-15.0,1.0193937837143592,1.0216704288939054,1.0047552716268793,192.44736842105263,195.75,287.9,268.57894736842104,190.58620689655172,174.84375,177.93939393939394,219.32,276.7647058823529,17.391304347826086,24.137931034482758,17.28395061728395
COL,15,215.17424242424244,331.0,69.96969696969697,16.28787878787879,10364.26893939394,10.0,24.082893551293605,240.4,162.0,162.0,1.6839000000000006,0.6542058468097028,-13.166666666666668,-15.0,1.02902645774467,1.0157603119228402,1.0240165233680771,181.17241379310346,184.5,277.44444444444446,276.42857142857144,198.7741935483871,160.125,189.30555555555554,203.23333333333332,275.9,16.867469879518072,17.97752808988764,14.285714285714285
GAS,15,220.38257575757575,330.0,71.2159090909091,17.803030303030305,10580.84090909091,11.0,25.89532871972318,232.63636363636363,160.54545454545453,160.54545454545453,1.6328181818181817,0.6925521730503018,-12.526304713804713,-15.0,1.0333932699717443,1.0071824338190027,1.0067246265430616,195.6,195.0909090909091,280.3333333333333,277.3181818181818,189.21875,165.20689655172413,240.34782608695653,183.73170731707316,282.3157894736842,22.61904761904762,16.666666666666664,14.606741573033707
HAD,15,220.26070038910507,329.0,70.1556420233463,16.342412451361866,10440.256809338522,10.0,21.561592097617673,238.9,165.3,165.3,1.4843000000000006,0.6280555787507985,-13.24999999999999,-15.0,1.4056426063875331,1.3373281346193313,,198.58823529411765,191.86206896551724,280.69565217391306,272.70588235294116,188.72,169.19354838709677,193.06896551724137,195.67857142857142,276.45454545454544,16.304347826086957,17.94871794871795,15.11627906976744
HAM,15,220.890625,332.0,74.33203125,20.3125,10677.1640625,10.0,23.499999999999996,239.6,163.4,163.4,1.6120999999999994,0.5356395149725246,-13.748877665544313,-15.0,1.016140080486343,1.0052534373076134,1.010279072001537,185.16666666666666,191.8846153846154,279.6190476190476,273.7142857142857,190.96,169.90322580645162,202.83870967741936,202.6969696969697,279.55,19.51219512195122,24.137931034482758,17.441860465116278
HUL,15,218.3826714801444,334.0,70.71841155234657,19.855595667870034,10595.675090252707,11.0,24.549086757990867,232.36363636363637,156.0,156.0,1.564,0.6628416786149542,-13.02840230259584,-15.0,1.0313811113965237,1.0206854093987276,1.0199817474422403,184.51612903225808,185.41379310344828,275.3333333333333,273.875,214.26923076923077,161.5609756097561,201.58064516129033,194.41666666666666,283.6111111111111,20.224719101123593,19.587628865979383,20.224719101123593
LAW,15,222.5019305019305,330.0,70.66023166023166,18.91891891891892,10453.806949806949,10.0,23.118482039397446,242.4,162.7,162.7,1.5960999999999996,0.5652264059649007,-14.495619275189181,-15.0,1.0163541399092386,1.0058690744920993,1.015178442768625,200.3448275862069,194.0,282.45454545454544,269.6842105263158,201.31034482758622,175.2,197.6,188.42857142857142,275.25,20.930232558139537,19.047619047619047,17.24137931034483
LEC,15,221.8,328.0,73.904,18.4,10653.46,10.0,23.412929528246938,239.7,164.6,164.6,1.6079999999999999,0.5867333295458843,-13.877525252525292,-15.0,1.0131004366812228,1.0133798481428278,1.0062442960757,188.63636363636363,195.76,284.1875,276.3,208.15384615384616,166.06060606060606,220.91666666666666,183.29032258064515,271.95454545454544,20.98765432098765,20.689655172413794,13.750000000000002
NOR,15,224.19540229885058,327.0,70.37547892720306,13.409961685823754,10715.980842911877,10.0,22.38023403974869,242.1,167.7,167.7,1.5281000000000007,0.7014089320788551,-12.559027777777779,-15.0,1.0011987327682164,1.001190231890006,1.0036024785052116,201.06896551724137,196.79310344827587,277.3181818181818,281.2,243.4,149.4857142857143,237.46428571428572,170.28125,264.81481481481484,12.790697674418606,17.441860465116278,10.227272727272728
OCO,15,219.29323308270676,330.0,72.44360902255639,21.052631578947366,10380.522556390977,9.0,24.282646048109967,251.22222222222223,163.44444444444446,163.44444444444446,1.8843333333333336,0.9337187299538698,-14.336419753086416,-15.0,1.028812398321774,1.0198235173404473,1.0239684903213413,187.66666666666666,191.07407407407408,277.3333333333333,273.6,188.67741935483872,172.61290322580646,196.41935483870967,193.4516129032258,271.40909090909093,18.823529411764707,24.719101123595504,19.78021978021978
PIA,15,223.6743295019157,326.0,71.42145593869732,14.559386973180077,10734.04980842912,13.0,24.660094173042967,227.15384615384616,168.92307692307693,168.92307692307693,1.289153846153846,0.772215179871303,-11.278022821678613,-15.0,1.0003853069612125,1.004555715165196,1.0,190.75,206.7037037037037,286.4736842105263,276.4761904761905,193.93333333333334,171.70967741935485,224.375,188.93939393939394,277.09090909090907,17.045454545454543,15.909090909090908,10.714285714285714
RUS,15,221.0867924528302,327.0,72.44905660377358,18.49056603773585,10755.479245283019,10.0,23.5989010989011,239.7,164.5,164.5,1.6320999999999999,0.7727264004807911,-13.62166953838369,-15.0,1.3748180494905384,1.3754155550995282,,194.62962962962962,198.56666666666666,275.69565217391306,275.45454545454544,191.06896551724137,184.3421052631579,176.36363636363637,219.57142857142858,279.72222222222223,22.61904761904762,17.708333333333336,15.476190476190476
SAI,15,220.8984962406015,334.0,71.37218045112782,21.804511278195488,10529.729323308271,10.0,25.941671503192094,244.4,162.1,162.1,1.7878999999999992,0.6289275713466543,-13.335648148148152,-15.0,1.0143419813340184,1.015349887133183,1.0106153033286902,195.40625,196.19354838709677,284.85714285714283,270.3333333333333,197.2,165.14285714285714,185.83783783783784,217.92307692307693,277.0,18.88888888888889,28.40909090909091,18.39080459770115
STR,15,168.8095238095238,331.0,52.476190476190474,17.261904761904763,9777.127976190477,16.0,27.579520697167737,202.8125,138.5625,138.5625,1.582374999999999,1.0309630130974639,-10.246052414021158,-15.0,1.044909666923538,1.028237225528422,2.0455353283058746,198.41379310344828,187.96774193548387,278.75,273.85714285714283,188.46666666666667,173.34285714285716,173.34285714285716,82.81818181818181,131.48837209302326,17.647058823529413,20.833333333333336,14.935064935064934
TSU,15,221.16538461538462,330.0,71.98461538461538,18.461538461538463,10489.438461538462,11.0,23.92946016311618,229.1818181818182,158.9090909090909,158.9090909090909,1.5123636363636364,0.7010487303419431,-12.933301266634585,-15.0,1.0165681993321347,1.0152678021752515,1.0154186080023058,185.07142857142858,200.59375,279.1666666666667,279.7391304347826,187.25,180.15625,189.35294117647058,217.04166666666666,278.6190476190476,22.093023255813954,17.02127659574468,16.455696202531644
VER,15,220.2755905511811,333.0,71.0984251968504,16.92913385826772,10414.692913385827,9.0,23.849854227405235,259.55555555555554,171.44444444444446,171.44444444444446,1.8178888888888878,0.8344796708054996,-14.233539094650212,-15.0,1.0124154465279562,1.0,1.0044670733464625,187.54545454545453,204.3448275862069,286.52941176470586,280.84615384615387,192.0625,173.84848484848484,185.8,216.86206896551724,283.89473684210526,19.54022988505747,15.476190476190476,15.853658536585366
ALB,16,263.9141914191419,347.0,80.29372937293729,14.85148514851485,10960.752475247526,6.0,17.123737373737395,308.8333333333333,164.0,164.0,2.2603333333333357,1.1115757084227564,-15.0,-15.0,1.009969061533173,1.011503416856492,1.0173148539179175,328.6,180.97560975609755,314.5,197.57894736842104,236.67741935483872,320.6666666666667,255.5,312.52,258.8965517241379,13.131313131313133,17.92452830188679,13.684210526315791
ALO,16,259.47986577181206,350.0,79.97315436241611,14.429530201342283,11054.677852348994,7.0,16.23083631400007,271.2857142857143,149.85714285714286,149.85714285714286,1.8345714285714276,0.7445458552784002,-13.521285780700003,-15.0,1.3511325006684236,1.3322323462414578,,305.39285714285717,170.8048780487805,316.7826086956522,194.52631578947367,242.45714285714286,325.56,248.3,317.56,257.4642857142857,14.000000000000002,20.0,8.695652173913043
ANT,16,259.4776632302405,347.0,81.90721649484536,11.683848797250858,11040.127147766323,6.0,14.129113924050651,297.1666666666667,169.0,169.0,1.8603333333333358,0.7278096515496939,-15.0,-15.0,1.01084756120851,1.0113895216400912,1.0018428225899336,280.81481481481484,194.5,264.06666666666666,210.88571428571427,252.125,330.59090909090907,248.92,322.0,262.2142857142857,14.018691588785046,14.85148514851485,4.878048780487805
BEA,16,261.94276094276097,350.0,81.57575757575758,12.121212121212121,10997.31313131313,7.0,13.497219413549043,260.2857142857143,155.57142857142858,155.57142857142858,1.525571428571429,0.7388432768558579,-13.56575963718821,-15.0,1.007448149421336,1.0150341685649202,1.0110185434023111,297.56,189.24444444444444,301.61538461538464,199.45714285714286,239.76666666666668,326.61538461538464,253.53333333333333,319.44,261.15625,10.576923076923077,13.26530612244898,12.76595744680851
BOR,16,262.3835616438356,355.0,79.90068493150685,14.383561643835616,10979.969178082192,6.0,15.43629255702738,309.5,160.0,160.0,2.0335000000000023,0.6265657055196466,-15.0,-15.0,1.4356594476910738,1.3685269552012147,,318.39130434782606,178.6829268292683,321.0,192.1315789473684,236.3548387096774,328.5652173913044,253.9655172413793,319.6923076923077,262.21875,11.458333333333332,19.19191919191919,12.631578947368421
COL,16,256.4032786885246,347.0,80.10491803278688,13.114754098360656,10954.70819672131,7.0,15.379396984924632,269.2857142857143,153.42857142857142,153.42857142857142,1.7488571428571438,0.6386070619652093,-13.601190476190473,-15.0,1.013979603529277,1.0256643887623387,1.014665796444888,336.72727272727275,165.7872340425532,305.7307692307692,198.27083333333334,246.33333333333334,326.6,254.1290322580645,316.77272727272725,262.4375,12.745098039215685,17.117117117117118,8.791208791208792
GAS,16,260.84364820846906,347.0,81.80456026058631,11.400651465798045,11080.42019543974,7.0,16.895989974937358,267.42857142857144,149.57142857142858,149.57142857142858,1.9261428571428587,0.8857264054470325,-13.353174603174603,-15.0,1.0170734502119858,1.0235763097949886,1.0179291281145622,303.5,185.45454545454547,306.34615384615387,195.1219512195122,245.75,328.60869565217394,251.76666666666668,319.1304347826087,262.6666666666667,8.737864077669903,16.666666666666664,7.954545454545454
HAD,16,259.5508196721311,350.0,80.02622950819672,11.80327868852459,10969.48524590164,6.0,15.951539626451295,292.3333333333333,162.5,162.5,2.1066666666666674,1.0144074898952373,-15.0,-15.0,1.00572934570872,1.028549734244495,1.0171612853687564,278.51612903225805,188.89743589743588,319.4583333333333,194.61904761904762,245.72972972972974,327.96153846153845,244.0,321.0,250.96428571428572,10.784313725490197,17.543859649122805,5.681818181818182
HAM,16,261.989898989899,350.0,82.1919191919192,13.468013468013467,11031.218855218855,7.0,14.408929477422628,263.85714285714283,152.14285714285714,152.14285714285714,1.6228571428571428,0.7801854044431508,-13.849206349206352,-15.0,1.5080783774492952,1.369552012148823,,338.45,171.06976744186048,317.1666666666667,209.14634146341464,228.32258064516128,311.77777777777777,255.53571428571428,321.48148148148147,263.6774193548387,13.829787234042554,18.34862385321101,7.526881720430108
HUL,16,264.7966666666667,356.0,81.37333333333333,15.0,11168.15,6.0,16.12630889227707,313.6666666666667,159.83333333333334,159.83333333333334,2.133000000000001,0.7964035827811583,-15.0,-15.0,1.005996715175127,1.0180713743356111,1.011402464775214,304.14814814814815,190.11904761904762,311.17857142857144,195.4102564102564,240.9,330.9166666666667,256.67857142857144,319.5833333333333,264.125,14.285714285714285,19.230769230769234,11.11111111111111
LAW,16,255.68333333333334,343.0,80.81666666666666,13.333333333333334,10834.463333333333,7.0,14.621566811046302,255.42857142857142,146.42857142857142,146.42857142857142,1.6685714285714295,0.6526304701837369,-13.28231292517007,-15.0,1.014361559909858,1.0269552012148824,1.0239950858064268,187.02631578947367,253.44827586206895,265.96666666666664,208.33333333333334,241.2258064516129,326.0869565217391,240.65625,317.45454545454544,257.14814814814815,10.576923076923077,22.641509433962266,5.617977528089887
LEC,16,263.77891156462584,351.0,82.14285714285714,12.585034013605442,11008.561224489797,6.0,14.942806304016267,308.0,166.33333333333334,166.33333333333334,1.9595,0.732484755245231,-15.0,-15.0,1.3858523356632673,1.4054669703872438,,340.3181818181818,169.11627906976744,318.5,206.10526315789474,237.03030303030303,316.53846153846155,262.41379310344826,310.5769230769231,269.3333333333333,13.402061855670103,14.285714285714285,9.89010989010989
NOR,16,262.44745762711864,346.0,79.55593220338983,10.847457627118644,11015.667796610169,7.0,15.473282442748083,271.7142857142857,158.14285714285714,158.14285714285714,1.7374285714285702,0.7215732528189184,-13.475250951886464,-15.0,1.0075245406974522,1.0037205770690965,1.0002303528237417,334.3,173.69767441860466,305.55555555555554,200.11904761904762,250.4,331.90909090909093,253.17857142857142,320.5769230769231,262.5769230769231,11.224489795918368,14.814814814814813,5.681818181818182
OCO,16,261.8528428093646,348.0,82.37792642140468,14.046822742474916,10950.882943143813,7.0,16.063695871097654,273.0,151.14285714285714,151.14285714285714,1.8229999999999964,0.7088640812696659,-13.337722758905016,-15.0,1.0137886253389863,1.0147684130599848,1.01493454140592,280.82758620689657,192.0731707317073,310.5357142857143,193.65714285714284,243.51724137931035,325.04,254.55882352941177,317.7142857142857,264.5151515151515,12.62135922330097,17.525773195876287,12.244897959183673
PIA,16,264.7551020408163,346.0,79.34693877551021,11.564625850340136,10930.591836734693,6.0,14.855604190860241,307.5,172.5,172.5,1.9401666666666657,0.6581746011170265,-15.0,-15.0,1.0150872770329629,1.0,1.0007294506085154,337.64,172.11904761904762,313.17391304347825,210.375,242.73529411764707,322.3333333333333,262.48275862068965,317.8695652173913,268.8965517241379,9.375,16.51376146788991,7.954545454545454
RUS,16,260.3939393939394,347.0,81.92592592592592,11.784511784511785,11071.215488215488,7.0,15.558793715154575,266.42857142857144,156.0,156.0,1.754142857142856,0.6909212129099673,-13.571453497646967,-15.0,1.544593407432871,1.4422171602126044,,319.9130434782609,175.67391304347825,315.59090909090907,194.44444444444446,239.08823529411765,316.9130434782609,257.0625,310.6,274.62068965517244,13.725490196078432,12.871287128712872,8.60215053763441
SAI,16,259.18120805369125,349.0,81.78523489932886,14.093959731543624,10933.640939597315,7.0,15.332996972754795,273.7142857142857,150.28571428571428,150.28571428571428,1.7365714285714289,0.7071637226358862,-13.849206349206352,-15.0,1.0080974752683243,1.0139331814730448,1.0146274043075978,256.80645161290323,212.82926829268294,305.77272727272725,190.87179487179486,242.1875,324.14285714285717,250.36666666666667,317.17857142857144,254.88888888888889,11.650485436893204,18.181818181818183,12.631578947368421
STR,16,258.67656765676566,347.0,80.8085808580858,11.221122112211221,10960.046204620461,7.0,14.253524672708979,252.42857142857142,148.85714285714286,148.85714285714286,1.6175714285714302,0.560530579551417,-13.479126237746929,-15.0,1.0122607998166608,1.0213743356112377,1.0190425000959802,217.76315789473685,252.78378378378378,241.54545454545453,223.6969696969697,247.1,329.1818181818182,245.09375,319.04545454545456,256.2,11.711711711711711,15.0,6.593406593406594
TSU,16,257.4896551724138,348.0,79.93793103448276,12.413793103448276,10898.179310344827,7.0,14.007836198179982,272.14285714285717,153.14285714285714,153.14285714285714,1.5832857142857146,0.8680394517508516,-14.345238095238093,-15.0,1.2526259501164967,1.3549354593773728,,301.56,183.2173913043478,310.9166666666667,187.57894736842104,238.5,323.40909090909093,258.2121212121212,316.75,262.06666666666666,11.650485436893204,16.666666666666664,8.88888888888889
VER,16,263.038062283737,348.0,81.46712802768167,13.494809688581316,10969.003460207612,7.0,15.444699286442406,273.2857142857143,154.0,154.0,1.731571428571429,0.7696330957286178,-13.578643578643579,-15.0,1.0030938466827088,1.00542900531511,1.0,318.68,181.38095238095238,317.34615384615387,196.77272727272728,250.3548387096774,329.8695652173913,257.48387096774195,323.3333333333333,266.84,14.14141414141414,16.822429906542055,8.536585365853659
ALB,17,207.1867895298582,334.0,66.21238482112986,27.249357326478147,10173.198716117457,11.0,28.91846056004163,224.26846956421352,97.25189391515151,99.79734846060606,2.7282727272727274,2.454520323103668,-13.399032818106257,-15.0,1.622457951612446,,,177.66896575828042,253.5791615201074,152.2766567899547,154.48237934948003,167.35979625211232,207.75589472646823,200.84675851016223,301.64749638903754,323.9965790929627,29.96389891696751,37.41721854304636,8.080808080808081
ALO,17,209.1382555085908,341.0,69.41731081679633,20.572916666666664,10501.11884574426,13.0,24.838744514368173,233.4036981743148,116.23076923076923,116.37412591888112,1.9461538461538455,1.009835161427071,-12.396978366731313,-15.0,,,,178.61059451439723,269.43774571097697,151.8557458287375,151.66831273907545,167.78261834750904,207.34605185677603,207.99083989192638,301.9893702550632,325.19419070804037,21.771217712177123,26.885245901639344,8.900523560209423
ANT,17,209.900595696285,337.0,69.44734268357462,19.414893617021274,10498.548467173747,11.0,22.74796972325161,233.6006274548918,101.27272727272727,101.27272727272727,2.0982727272727284,0.6963837879828133,-14.267676767676754,-15.0,,,,178.77408316306622,268.0607084053573,151.32464759508187,150.7536561390817,174.72276340685366,206.383932217794,208.31876698785717,306.2917517885291,325.1688788320716,22.727272727272727,24.324324324324326,7.329842931937172
BEA,17,207.8978361692275,337.0,69.14775462787115,20.897435897435898,10326.24921999032,12.0,22.393002551964596,244.88806573050502,117.62234848484849,117.62234848484849,1.9158333333333308,0.8907499493248494,-14.401042857142855,-15.0,,,,184.11377536996156,258.52720879288535,149.5332452437369,153.65167518863825,167.76475362524593,207.3892086158644,211.03708642019987,302.520278845269,323.98758667828054,24.90842490842491,25.878594249201274,7.253886010362693
BOR,17,211.49187803296275,337.0,70.26617004930588,19.841269841269842,10378.89121920527,11.0,23.661233708458404,241.35895288767477,99.27272727272727,99.27272727272727,2.2,0.7389960019574474,-14.524643419115788,-15.0,,,,182.72313539313276,261.5673737162842,152.58858535125768,157.46277189704836,173.43336075776105,207.2885575470922,207.71247423275145,302.5776971734409,323.54418276801823,24.344569288389515,24.40677966101695,6.7357512953367875
COL,17,210.42482793309628,340.0,69.87566457242337,20.17766497461929,10281.607891202842,12.0,26.68930423530099,227.59622023809524,99.66666666666667,99.66666666666667,2.285916666666667,0.8149905376069647,-13.477366255144078,-15.0,,,,184.74665037709056,261.7546779807676,156.64065268824814,153.30693918265797,171.4569840252059,206.92431295440758,202.5173582850629,303.9182035302317,327.39078641943297,24.637681159420293,23.961661341853034,8.080808080808081
GAS,17,207.9384114669623,337.0,70.09289465695804,17.98469387755102,10337.382962602824,13.0,24.047159658325175,213.2474652930535,103.0,103.0,1.9078461538461537,0.9219148839531974,-13.257575757575783,-15.0,,,,179.43648655920143,263.8795360785115,152.17541797337572,150.11221942623789,169.00452887936663,220.60149078349139,202.57427377887242,301.9467572179315,323.56468423764323,23.655913978494624,20.588235294117645,6.0606060606060606
HAD,17,211.56579009169067,337.0,69.72708940998828,18.972332015810274,10282.813919027833,13.0,23.80394896061862,216.93372204452348,101.05288455384616,101.05288455384616,1.86123076923077,0.9222425973050821,-12.728938771355864,-15.0,,,,187.13765811334963,266.41451611527094,152.7909516539299,156.64826224108214,170.6201968912637,205.65892293789142,208.6003203132915,302.911042903714,323.3599012336625,24.06015037593985,24.149659863945576,4.545454545454546
HAM,17,209.3802183766742,339.0,69.48401345589974,22.151088348271447,10353.1497349347,12.0,23.443101128450916,231.57705627705627,101.56493057777777,101.56493057777777,1.9891666666666674,0.7527462867541916,-13.541666666666787,-15.0,,,,178.1798888874465,260.19305684220257,152.61164301279692,151.86057335370955,166.66103376749945,213.08837499612946,206.24734851377073,304.51786242753235,326.1869987894631,24.63235294117647,28.802588996763756,8.542713567839195
HUL,17,207.57722273870652,336.0,68.2928252431084,21.18100128369705,10361.876688389364,12.0,23.928252166815646,227.16396678603175,98.92239586666666,98.92239586666666,2.052166666666666,0.7069494127745078,-13.363463083244772,-15.0,,,,180.31623299166995,263.14514217155346,147.52175194242,153.57740495492163,165.55359149825944,209.42754195217887,211.1011510986038,305.00198681561983,324.63306163323034,29.602888086642597,23.717948717948715,4.761904761904762
LAW,17,209.20871080491207,341.0,69.10842703538438,20.72678331090175,10252.641191480792,14.0,24.13307464274106,208.8123945150795,102.18138704994749,102.18138704994749,1.7502857142857142,0.9130805338109522,-11.999016171250242,-15.0,,,,182.3255270596657,272.3552968094443,155.01289280598215,154.96826215797537,170.24002525558757,209.47277916813405,206.51137669512934,303.52511484765205,323.2158407723208,24.23076923076923,25.249169435215947,8.287292817679557
LEC,17,210.5268764592654,339.0,70.12684083457825,19.098143236074268,10332.012786973068,11.0,22.35900569693862,236.91419444461724,101.0909090909091,101.0909090909091,2.062272727272726,0.6715660247658701,-13.987093320031589,-15.0,,,,182.80663675012312,265.8105872161948,153.91962573567483,152.0898017292067,169.98505546816799,214.9374288598638,204.69442574694204,303.60703963693453,326.31033181245414,22.22222222222222,25.0,5.699481865284974
NOR,17,213.2531845796735,337.0,67.72192633013721,20.572916666666664,10236.223185445042,11.0,24.669864392728126,237.1879887792208,102.77337666493507,102.77337666493507,2.272363636363636,0.587653619796139,-14.087301807607146,-15.0,,,,185.71392807777445,263.0510944179205,154.20901223607117,155.43876915697535,173.00023044444174,209.6646010454652,210.02418610873667,304.3699470513114,325.4876743017205,25.0,25.666666666666664,7.389162561576355
OCO,17,208.4223732003382,339.0,67.9932458970963,20.69408740359897,10263.525934073989,12.0,24.388373267057613,227.64454666807433,99.66666666666667,99.66666666666667,2.0934166666666685,0.7711844200463488,-13.463157396004584,-15.0,,,,182.33821716895645,267.6174864845442,149.7894982466105,151.47507351073082,169.89387572079045,207.48796647757635,212.52384898277828,302.5573189337443,325.95874110446744,23.684210526315788,25.538461538461537,8.064516129032258
PIA,17,209.67782768448606,336.0,67.12414813043797,19.573901464713714,10223.027985446071,12.0,24.678052339913613,227.7643382198942,105.16666666666667,105.16666666666667,2.0855833333333327,0.6739580177742682,-13.223379792072762,-15.0,,,,182.62674905067414,273.8377242123086,155.24775869610625,152.65668608613896,174.02345688240231,201.2300134838147,202.22904111919982,303.17996549411464,323.6498768801695,24.324324324324326,22.54901960784314,8.108108108108109
RUS,17,210.67220735706792,341.0,69.6116450311358,20.132450331125828,10326.350232851259,11.0,23.401508057759592,236.22893922512395,101.2378786909091,101.2378786909091,2.1583636363636356,0.6346807748391406,-14.059000381787701,-15.0,,,,184.99257208090583,265.2875957473239,149.85215610865038,156.53365523098944,169.93165304225928,206.8337540174094,208.89821800066287,303.83803464597963,328.07888023452136,22.900763358778626,25.32894736842105,7.9787234042553195
SAI,17,210.76042017049718,332.0,68.76036874768161,21.916010498687662,10254.317229125145,12.0,24.540577784339813,228.5705761473677,101.33333333333333,101.33333333333333,2.077666666666669,0.78532533951789,-13.65740987903983,-15.0,,,,188.73557452309947,263.9265130795087,148.50641530261495,160.9077286941166,175.28491911194206,203.80667601420456,206.39217706073555,300.6814087326189,321.0809404952294,28.205128205128204,25.33783783783784,7.8125
STR,17,209.59341777981936,341.0,68.9844211979086,20.387096774193548,10496.204624519307,13.0,25.272034554020056,230.5414048995652,116.07692307692308,116.92846139076923,1.9848461538461553,0.9839568350565158,-12.376543253979792,-15.0,,,,178.5488573514128,261.8749556458775,151.63411771243878,157.56980001246282,169.2210236191093,210.525304361257,208.1825417257152,301.8642249980809,323.9640804953753,24.731182795698924,24.503311258278146,7.772020725388601
TSU,17,211.69657913159892,337.0,69.66557235270147,19.76127320954907,10291.361099309046,12.0,22.900538373875108,225.21980072511727,100.52125002666666,100.52125002666666,1.9424999999999997,0.6930806230158213,-13.657407952069775,-15.0,,,,181.7593493578203,267.3910545701043,153.79978702744506,157.62077120710876,174.3035959251886,218.5121781014406,204.74942184209857,301.76381009924734,323.15369983068007,24.521072796934863,24.40677966101695,6.598984771573605
VER,17,212.46236822905826,339.0,69.79394483805173,20.822622107969153,10431.664688594152,13.0,24.47264060444832,218.07860929058978,100.89065930549451,100.89065930549451,1.903538461538462,0.8121411032558529,-13.162395781145541,-15.0,,,,184.09919207803,267.1464669080558,153.86112731137203,153.90980083911725,177.11080534370657,210.68934217617846,202.0233697772046,302.62776646337215,323.34818633978466,25.18796992481203,26.4026402640264,7.211538461538461
ALB,18,195.64980506037796,314.0,66.19258206619824,20.674486803519063,10074.594472889858,13.0,26.369703554244907,234.10506816272118,124.3785713934066,124.3785713934066,1.8296923076923066,0.7449617836987318,-14.166666982248522,-15.0,,1.2436979292239279,1.1116177636796194,167.66963640531185,216.55568197587627,294.05658675709094,142.68699206572106,204.19597269100214,139.9148589465343,188.56500797761225,265.28434061119617,192.8816257294002,16.666666666666664,26.334519572953734,16.83673469387755
ALO,18,197.25195971582332,315.0,66.53214576387518,22.58064516129032,10276.342996796046,12.0,28.664332166083028,246.03474982837466,120.75,120.75,2.1487499999999993,0.6373753636332902,-15.0,-15.0,,1.216239384928608,1.179024583663759,167.73559311257202,218.46507183590825,294.0377289988665,142.56857391783842,199.6363257956784,144.47919493691737,194.1376800823972,266.1644910378992,189.40719284167614,19.801980198019802,29.433962264150942,16.822429906542055
ANT,18,193.8078368685484,317.0,65.80257419648409,20.434782608695652,10548.783236399557,13.0,24.33630789506014,234.12144793846153,127.23076923076923,127.23076923076923,1.676153846153846,0.6984656641694467,-14.590585516636578,-15.0,,1.2310000267888237,1.1398493259318,166.96686603474268,216.99883743097703,301.32624072664566,139.1161966381631,203.83778523527886,139.86485761411953,189.86878864939013,263.91709815351453,182.9671051489959,16.425120772946862,24.907063197026023,18.779342723004692
BEA,18,196.05711717497346,316.0,66.45206920806007,22.446043165467625,10180.97720447973,12.0,26.69470779365292,245.63752238814814,122.33333333333333,122.33333333333333,1.9991666666666674,0.5536489310825835,-14.849547089946363,-15.0,,1.2380454874226474,1.1451625693893737,169.10736858381256,213.67217220449902,297.7592270424748,145.57133550176002,204.80503746512218,141.26121101468235,187.08515360084294,263.2712219607224,190.66533383547755,19.32367149758454,28.880866425992778,17.142857142857142
BOR,18,195.29079694898442,315.0,65.80537010637626,22.270114942528735,10308.76424046362,12.0,25.46245320414007,238.35895866666667,122.0,122.0,1.927083333333334,0.5102135922554623,-14.90740823970039,-15.0,,1.1656888746015164,1.1379460745440129,164.33963279277077,214.24589525581294,295.30603795634664,148.64423416532082,206.89385139023472,137.3757184983689,195.22831993515265,264.9032522984035,192.73861484660569,17.391304347826086,30.25830258302583,17.050691244239633
COL,18,193.17360751984396,317.0,64.23606719433585,23.9477503628447,10174.894308583169,13.0,28.410015167835382,246.47925401999373,135.67197805714284,136.36428574945054,1.9883076923076917,0.6790164136019321,-13.836997832099874,-15.0,,1.2875780224490343,1.1482553528945283,165.9279489483291,214.42733956293642,294.25536735488515,140.05396606977615,206.63392685483527,134.0158658729874,193.90667051512366,262.73782903322154,187.02500399168227,19.0,28.26086956521739,23.11320754716981
GAS,18,193.6148872299672,316.0,65.48611238284083,21.776504297994272,10118.7521301682,14.0,29.440834529536176,233.4932962198051,134.57142857142858,135.07142857142858,1.9191428571428575,0.8028181485192261,-13.253969590643308,-15.0,1.0174143479083855,,,158.91550076372977,217.01716772477945,293.349869759942,142.07200507535634,202.93866293902389,139.21574877361,186.29019880408936,262.7762291023359,188.53309843587797,12.077294685990339,27.472527472527474,23.963133640552993
HAD,18,197.76630337957405,312.0,70.29863319756012,20.411160058737153,10157.809095013496,12.0,27.992342452641168,244.18686280657005,123.75,123.75,2.095833333333332,0.7051813990425121,-15.0,-15.0,,1.2140962790323877,1.1489690721649486,163.5491021485403,224.83890562879776,292.9411134986928,142.56807138714788,205.26021913355814,145.59436381230768,194.11533449529534,264.957701580337,194.11068046633503,14.356435643564355,26.277372262773724,18.627450980392158
HAM,18,195.20441682589026,315.0,69.95806851687855,23.2796486090776,10264.958735260025,12.0,25.6121220230131,245.42384599970873,122.66666666666667,122.66666666666667,1.9142499999999991,0.5445538120026936,-14.90740851299048,-15.0,,1.2691741005652442,1.0963521015067408,157.36695343080657,216.99911158393488,297.7400255304631,141.23016477169713,207.70208561176122,140.41545568286736,188.9067116016398,264.3416287987844,190.78119479015635,18.316831683168317,32.196969696969695,17.12962962962963
HUL,18,196.04744486067472,314.0,66.60060009599036,20.3757225433526,10251.880821452241,12.0,24.131083524700173,244.63646053333335,124.0,124.0,1.812666666666665,0.6174203502387101,-15.0,-15.0,,1.330145463312706,1.1682394924662967,170.6907201835105,212.389202603105,296.8805546135406,142.24928766375285,206.99349632254626,137.63456138681218,187.16083574068307,262.304687504123,190.39421930627358,14.761904761904763,26.373626373626376,18.269230769230766
LAW,18,195.66614842482957,313.0,68.56753516253524,22.126436781609197,10121.452796367465,12.0,26.40057573073517,232.22921066674385,122.58333333333333,122.58333333333333,1.9870833333333335,0.5338770860933764,-14.907412345679035,-15.0,,1.1851107717860108,1.1385804916732751,164.75912449793378,220.3147190046181,297.8120022009756,144.0212202541502,203.877107418414,142.17824968275562,184.15912023099688,264.98525761245236,189.8383669128675,18.69158878504673,28.67924528301887,17.59259259259259
LEC,18,195.34126704989276,315.0,66.77075728519459,21.418020679468242,10126.817492967599,12.0,26.280851822150943,245.5679881150637,124.16666666666667,124.73444444444443,1.9663333333333337,0.44247360247690376,-15.0,-15.0,,1.1915133006509684,1.200436161776368,165.72600125689561,215.03877038081131,296.6644544856903,144.89377135008357,202.07798827141693,142.45557657161217,184.5143660348265,265.82766194720057,188.73074997145102,19.047619047619047,26.996197718631176,16.748768472906402
NOR,18,196.9742635081413,313.0,64.92920219286766,18.84057971014493,10182.01277621979,13.0,26.930547183711752,229.3356608490976,122.07692307692308,122.07692307692308,1.8558461538461546,0.6043032664729049,-13.780143657313609,-15.0,,1.1277291114147179,1.2197462331482951,169.31776239903004,218.75154197033348,296.56043125746476,144.13711467833974,209.05444097777874,141.68058246827573,191.8650251747059,265.3847112566719,182.94935451584666,15.048543689320388,23.91304347826087,15.942028985507244
OCO,18,194.91009755453385,316.0,66.19410404315931,23.453237410071942,10050.176453666536,12.0,28.421017925243692,241.5887189911688,120.83333333333333,120.83333333333333,2.154999999999999,0.5670042621826862,-15.0,-15.0,,1.2305714056095796,1.2392545598731166,167.0175621916773,213.69917651043082,294.9690053627049,141.79030615090352,205.75324733198474,141.1226555521362,186.74717923736415,266.6870823805078,188.66997462486435,20.408163265306122,28.776978417266186,19.545454545454547
PIA,18,198.78098771583726,314.0,64.61940870341735,19.97041420118343,10184.336339153724,12.0,25.758455833072713,237.67888576484847,128.16666666666666,128.16666666666666,1.921666666666668,0.563198356610609,-14.457304722712104,-15.0,,1.180128050577299,1.1099127676447265,165.65611396131385,217.04694639875927,296.8704729122518,146.06625182285748,207.8786788766173,147.86429527949997,190.57609958618224,266.53676458552314,189.60382033861134,15.463917525773196,26.31578947368421,16.27906976744186
RUS,18,197.78631819216199,316.0,66.68596686895742,21.842496285289748,10429.602092762274,12.0,27.192175688104253,246.30771503047617,124.08333333333333,124.08333333333333,2.020333333333332,0.5284193936217271,-15.0,-15.0,,1.2501004580888853,1.119746233148295,165.93126460548345,216.80711820674304,301.8627200286799,150.27565482938218,210.26933296329443,140.10668390506132,188.50650972757546,266.5203001064207,194.19643897071907,17.24137931034483,28.13688212927757,18.446601941747574
SAI,18,194.43711754014305,313.0,65.94289527282534,22.727272727272727,10062.666816954139,12.0,26.363384496038115,241.05582971119097,122.25,122.25,1.9824166666666663,0.4823700962147438,-14.560185495675315,-15.0,,1.123067856090439,1.2624504361617763,161.88470903967647,216.43724620370853,297.5419080617691,144.53288258202218,206.5398741679693,140.52093621630186,183.87016497055208,264.6260891649554,185.45105936939558,18.867924528301888,29.304029304029307,18.34862385321101
STR,18,192.84491935391776,317.0,65.05734383647523,23.133235724743777,10103.810554601934,13.0,28.17623063475133,234.06960304117217,119.7509616,119.7509616,1.971230769230768,0.662474516647319,-14.065935236121126,-15.0,,1.3097055908275068,1.1634020618556702,170.95627433163537,211.8831044290917,299.3059680483525,144.84365892937848,196.90988779817798,137.90361565070202,184.5834028803242,263.1352683353854,175.50616526858502,17.78846153846154,27.44360902255639,23.076923076923077
TSU,18,194.94361921526297,316.0,66.09395237441188,20.287769784172664,10141.388539962305,13.0,26.120881431717834,228.3953684157265,116.46153846153847,116.46153846153847,1.8154615384615396,0.6499523787744426,-14.291310687413251,-15.0,,1.213105092555386,1.1261697065820777,164.77792666301133,213.53896977755244,295.3530752788939,143.59871752237038,201.0751629233796,140.8426014271878,191.23767834673853,265.47041760393245,189.71127895272267,14.622641509433961,27.00729927007299,17.307692307692307
VER,18,194.82700196291353,314.0,65.5949856429315,20.058997050147493,10162.060121764816,12.0,25.245130960376105,242.93581197058845,124.5,124.5,1.879500000000001,0.6008245029401946,-15.0,-15.0,,1.2482788180770983,1.1516653449643142,167.17868241153457,210.73589432299303,297.738604558998,145.63187669764056,197.3372021629944,143.10526616232266,190.91746873514816,268.9873418563251,191.79487284648056,17.412935323383085,26.022304832713754,14.975845410628018
ALB,19,209.49330154184153,326.0,67.45989100332531,21.015514809590975,10278.3785058276,12.0,24.373865698729556,254.45640416800384,153.13948416507935,153.13948416507935,1.9025833333333313,0.9738668165559842,-13.95931840732314,-15.0,,1.1018915443146502,,197.53043798282798,268.7160487877412,206.91265218893125,236.19745719546768,176.6465334581667,312.5032648801251,154.80514650258917,174.3032247178593,251.13698401769042,18.69158878504673,12.676056338028168,29.181494661921707
ALO,19,211.15011819684585,324.0,68.58577980664144,20.028011204481793,10479.399530017678,12.0,25.122370115929577,257.92127117555117,153.5,153.5,1.9503333333333328,0.8768970229672851,-13.212272394611697,-15.0,,,,197.3656364509212,268.96885703956156,205.46751412751124,235.01255416320151,181.22424031537525,310.8399825878325,161.27220630409084,177.85852554978842,252.9834245062244,16.0,14.746543778801843,27.67527675276753
ANT,19,210.1097760156967,329.0,70.59692368384023,18.76750700280112,10522.356055727829,12.0,24.78934697562444,254.93293607923124,151.08333333333334,152.92202346666667,1.9220833333333338,0.9507487802019784,-12.658762560875553,-15.0,,1.2429268031293539,1.1684517690751732,200.47589035419927,269.23435666979725,209.72741353111692,236.57189362963172,177.581253749095,311.1785343423556,159.5113349905375,174.41237569361144,253.8855538546773,13.145539906103288,11.926605504587156,28.368794326241137
BEA,19,209.71219796616973,323.0,69.5755829007471,21.683309557774606,10251.212581507854,11.0,26.075006173568525,258.38396586666664,144.0,144.0,2.2078181818181806,0.8228412879310115,-14.444783096831786,-15.0,,,,193.61096719880808,269.2842483238099,209.3450893818643,240.67520162673122,176.35690961533672,311.9080927299671,154.82248706167994,174.7249102079697,254.97502494639951,22.748815165876778,12.735849056603774,27.79783393501805
BOR,19,208.7417258796333,323.0,69.23403422401228,21.329639889196674,10383.130549047695,11.0,26.23745019920318,251.61918566775273,140.45454545454547,140.45454545454547,2.2450909090909086,0.7598463307018026,-14.276896147280473,-15.0,,,,195.41362051715376,267.441545244043,205.83266098194053,234.1156391470823,180.41409593906567,310.1253499127328,153.49602534360557,175.65204949795924,249.02790968547095,17.80821917808219,13.24200913242009,30.3886925795053
COL,19,208.10726486791808,322.0,69.04739830299546,20.084269662921347,10122.199028283907,11.0,24.75568647050691,259.1852774582051,144.72727272727272,144.72727272727272,2.1163636363636353,0.792697382672522,-14.117584591678195,-15.0,1.0304246608332663,,,191.69580615430493,267.080847913063,206.10516782655367,239.9076020289426,176.28805553986246,309.7604081546887,156.35449438030824,173.54816240693648,250.01758089044242,18.807339449541285,13.679245283018867,25.97864768683274
GAS,19,210.08748493192496,324.0,69.61565428770287,18.53932584269663,10288.020914919824,12.0,26.158399128195807,253.4201309346563,153.33333333333334,153.33333333333334,2.040333333333333,1.036663102887766,-12.883185108604875,-15.0,1.0288191378341496,,,197.06920442610806,267.66258368784787,209.64733009763347,237.70834124390933,179.8335766446558,310.62181098355114,156.25511226896344,176.39077797574643,251.7746314922185,17.35159817351598,12.785388127853881,24.175824175824175
HAM,19,212.00625284962828,323.0,73.65965783892888,19.491525423728813,10386.997630589807,11.0,24.733080764594444,259.48360726267214,146.72727272727272,146.72727272727272,2.0890909090909084,0.6832412663907056,-14.280303030303081,-15.0,,1.1415711070624799,,197.25115019988544,269.3681315316977,213.15515434168455,234.93934205757265,181.3809821099064,310.93963179952766,156.3786736699055,181.39903339314776,258.04080392884697,16.666666666666664,14.746543778801843,25.357142857142854
HUL,19,212.17215170696227,327.0,69.76598178231447,18.899858956276447,10413.810896772367,11.0,24.431611202777127,259.42746747304955,143.63636363636363,143.63636363636363,2.0730000000000004,0.9136292265664244,-14.390335905276821,-15.0,,,,199.69419378153717,268.74950489799136,209.83172568156144,238.05433873527244,184.66658650854285,312.4379049003963,157.5027724540522,178.8256506876701,253.10346072568285,18.22222222222222,10.679611650485436,25.63176895306859
LAW,19,209.97217462595384,325.0,69.22452515088914,18.59504132231405,10156.16184209819,11.0,24.048843187660673,260.39795700363635,146.63636363636363,146.63636363636363,2.0410909090909097,0.8048946237687903,-14.103471500880858,-15.0,1.1388376013486392,,,198.90709200737734,268.15423268900025,209.09741991441217,238.27666607594603,180.18686791202956,310.42802998598495,149.4744200216729,177.4954910009777,253.0466634587927,16.055045871559635,12.727272727272727,25.087108013937282
LEC,19,211.74482614518612,324.0,69.9118516879829,20.373027259684363,10335.794684374672,11.0,23.44435225791156,259.337196969697,146.92727272727274,146.92727272727274,1.9779999999999982,0.8583022353884018,-14.202536730945859,-15.0,,1.250589433072554,,191.63604480285642,275.59813586679627,209.60164241812532,238.1856269632202,181.06440911560256,310.691572517896,161.11483366980954,179.78574335149656,256.32204929434675,19.248826291079812,15.277777777777779,25.468164794007492
NOR,19,212.2226553149295,321.0,68.49813078677315,17.183098591549296,10310.141952287098,12.0,25.8876520727147,259.44138742201056,157.41666666666666,157.41666666666666,2.0019999999999976,0.9758610727625787,-12.819113756613895,-15.0,,,,199.11520236767512,269.11179273866486,208.0779984432325,242.1726377841724,180.8905008134491,309.91825807321385,158.64242308709734,179.2877245773943,259.20800441832404,12.380952380952381,11.659192825112108,25.36231884057971
OCO,19,207.99622656770543,324.0,68.62056065095847,23.430962343096233,10217.515347849809,12.0,26.254567859267432,254.96688583369175,148.5,148.5,2.0595833333333324,0.9388217312437724,-13.323688795786767,-15.0,1.0356827486553744,1.0296056156896367,,199.0989217477156,266.471390398448,204.3343164280771,234.10086081816917,185.09679186084122,311.03819047275266,152.98066917701803,175.84840030574216,247.9267219232029,25.570776255707763,11.415525114155251,31.294964028776977
PIA,19,211.98723627564638,322.0,67.70661058580262,16.223776223776223,10192.60889952305,13.0,24.96239955309186,242.4275654071795,150.23076923076923,150.23076923076923,1.7873846153846176,0.928601060194356,-12.174527234987531,-15.0,,,,192.9730221421474,268.43434555294596,208.58402538192877,239.76546193541648,183.17028516187364,309.37829609942344,158.45431556458075,181.0109821749602,254.64557130367993,12.946428571428573,9.47867298578199,24.014336917562723
RUS,19,210.82817757923453,323.0,70.69017919628575,17.78093883357041,10348.507175562681,11.0,25.781569818800783,257.62883681535857,146.54545454545453,146.54545454545453,2.1756363636363645,0.771311076582922,-14.040404040404178,-15.0,,1.1044368234915873,1.2328149351725965,197.63632259132277,267.5885217143826,210.30663780843443,243.32135730321252,181.5337203041432,311.4834535090866,157.8266199649637,175.6690862902617,254.88762815695736,14.218009478672986,9.25925925925926,27.27272727272727
SAI,19,212.39438943104463,328.0,69.05203662721902,20.30812324929972,10315.60427708178,12.0,25.428460976762196,259.137983571766,154.0,154.0,1.9733333333333354,1.0503013324226962,-13.393960807982788,-15.0,,1.1295681063122924,,194.8797892175488,269.4771332164391,206.3413834723242,242.47940574094102,181.93689578453615,313.7631721535263,155.8173456154178,178.72518299749237,253.35986243345732,19.81566820276498,12.5,27.205882352941174
STR,19,209.3744509251156,323.0,68.6449148050992,19.080779944289695,10422.497491094906,13.0,27.428151430580115,250.78453365802199,158.84615384615384,158.84615384615384,1.980692307692308,1.063054697530108,-12.443317731651153,-15.0,,1.1287643339406281,,196.9495899125273,266.72951113706904,207.98462135081164,240.6850391359057,174.9208510546182,312.4457949976467,155.89445435298921,175.1817130371909,250.0749373135751,11.926605504587156,15.0,27.956989247311824
TSU,19,212.19626994335002,325.0,69.42464600635756,17.4037089871612,10278.322682378746,11.0,23.526202041384035,259.1539906576159,147.63636363636363,147.63636363636363,1.999,0.7895924149953449,-14.219279764934909,-15.0,,1.138704318936877,,197.4478937144008,267.74426180285315,207.79406896730575,241.62199844060652,181.9154692647676,311.5620410463916,157.43420109073156,180.7446394557128,252.58382603371876,16.203703703703702,10.047846889952153,24.0
VER,19,211.55951806933936,324.0,69.23323362990432,17.63046544428773,10228.189048261149,12.0,24.621122040860435,259.5343707315785,159.58333333333334,159.58333333333334,1.8980833333333325,1.0471658940789756,-13.347803942233684,-15.0,,1.1658450326867433,1.2837815432569555,195.8153216403146,270.84432610132,213.89599433454856,240.12064035286548,184.94699227731914,310.3869396751046,153.81274938205996,173.0223919720187,255.5256333467364,13.122171945701359,12.380952380952381,25.27075812274368
ALB,20,196.13944397715878,350.0,60.00767937404257,21.80579216354344,9922.100544918856,10.0,26.36598270744614,213.52765639161908,109.6,109.6,2.0431000000000012,0.7751566873864931,-13.785717849856335,-15.0,,1.198770351033867,1.1490079770914297,324.99152618227043,345.39987297579364,145.50384465059227,282.5095442492377,115.77355719371045,213.51365356157783,220.02318323167003,255.17841943872932,117.98132349045396,13.664596273291925,23.26732673267327,26.45739910313901
ALO,20,197.9850081312029,351.0,59.86819222761048,21.525423728813557,10278.851265642226,12.0,29.202495363345133,212.3235300178064,121.41666666666667,121.41666666666667,1.876333333333333,1.0006490671337067,-11.678241074407781,-15.0,,1.2464106615374044,1.1774391491102474,325.03533561227374,347.2748258955435,151.24074434134636,281.77959223223377,113.55625719499805,212.89937537312886,219.5039909321337,253.99958059165436,121.83914732495722,18.29268292682927,23.414634146341466,22.272727272727273
ANT,20,200.1404481368958,352.0,60.94008213464184,22.182468694096602,10287.452775838183,11.0,28.784256023542397,210.1919824069264,114.9090909090909,114.9090909090909,1.991818181818182,0.8719583828873968,-12.196970138543863,-15.0,,1.204575118499691,1.1084577623235834,323.3465362813271,346.734952350864,151.58572263221973,286.01415948268493,116.55882953046861,218.480902645613,223.78394886887114,259.68729021201233,117.0224849765376,16.883116883116884,23.3502538071066,25.120772946859905
BEA,20,199.98937863731203,345.0,61.937529469996875,22.299651567944252,10200.33250646307,10.0,25.752027203766687,220.28142857142856,111.7,111.7,1.9690000000000007,0.7044979772859538,-13.766975308641994,-15.0,,1.1596482791784022,1.0830947023931274,323.46572535559665,341.63580882352943,150.8529494640745,287.2220363026494,116.54845676075617,214.06043577239672,215.99999531408972,261.8246665377348,120.25021280169993,16.455696202531644,21.55963302752294,27.918781725888326
BOR,20,197.46753069976896,348.0,59.84432383531992,22.547332185886404,9971.402496791696,10.0,27.951738748514448,214.61974242424245,109.60499999999999,109.60499999999999,2.1638000000000006,0.7964011300845828,-13.717592592592732,-15.0,,1.1447757092807584,1.1393434240130904,321.97262094300066,343.72072451856246,148.87634103571273,283.9206446583568,116.08809827719865,218.88008386514892,220.63727117150108,251.57738153984516,119.6373040338662,17.333333333333336,23.11320754716981,25.688073394495415
COL,20,198.55236477802404,350.0,62.29659418949493,21.65289256198347,9986.135504057895,11.0,26.89197888502638,220.27941969454548,123.72727272727273,123.9090909090909,1.8988181818181809,0.9324370627731724,-12.18299247202208,-15.0,,1.3311808751803256,1.1253323788095726,324.32271697484623,345.5782635398385,145.72343719686336,287.7072587876019,113.20573356945152,211.07067127895178,214.56146206519398,259.38809294331895,119.8646078236815,16.56804733727811,25.233644859813083,22.171945701357465
GAS,20,198.66874542132553,351.0,62.164572670930504,19.410745233968804,10105.012127726734,11.0,26.46171304773941,204.4971074380165,113.45454545454545,113.45454545454545,1.8654545454545461,0.8630936285075029,-12.337957398330877,-15.0,,1.2973483547434224,1.1568316629167519,323.6273789702234,345.8861710020548,146.82277694741333,284.9731695156695,115.46803558405703,214.27642247107516,219.67130916964604,261.4083378109636,117.50337612986014,13.071895424836603,23.444976076555022,20.093457943925234
HAD,20,204.18777570218467,346.0,65.89687203727233,19.434628975265017,10033.891159549921,10.0,25.891779887740647,210.8448666288435,112.7,112.7,1.9742999999999995,0.6577006994066532,-13.443406768837818,-15.0,,1.236930686267775,1.1232869707506647,322.82277353208605,343.1169809673315,158.06918314361806,283.6104339803121,120.34782518619286,216.71642873341722,222.3274296246368,260.73445246057423,121.96929994687271,11.76470588235294,19.32367149758454,25.365853658536587
HAM,20,204.322054124773,350.0,63.91516283447849,25.088967971530252,10090.125785980288,10.0,27.074718849587825,219.7019079107907,113.248499968,113.248499968,2.056,0.6255260186435101,-13.58732275132287,-15.0,,1.217421171944769,1.0883104929433423,325.9909995754236,346.7101020408163,159.70968476379625,284.7739753763049,120.27900286950599,217.04205949825956,223.74928096321457,261.6269425115783,120.48011786879174,16.778523489932887,28.640776699029125,27.669902912621357
HUL,20,200.772645757154,343.0,63.61631616064869,19.689119170984455,10219.448464280104,11.0,25.950451854160168,207.02678303081422,112.0,112.0,1.8169090909090904,0.9390315566916854,-12.78804946370986,-15.0,,1.1953699251219345,1.1474739210472489,323.16329835082337,339.77932483698675,150.71983334510952,286.0732748055496,116.87716239841599,215.10454113597126,223.65185251394055,257.9436824869863,124.17223862093665,17.682926829268293,20.192307692307693,20.87378640776699
LAW,20,200.31516482913904,342.0,64.8876963415843,18.49912739965096,10146.909299142944,11.0,24.579982068840057,203.91457151624473,112.81818181818181,112.81818181818181,1.7197272727272723,0.919202924565043,-13.585859246672326,-15.0,,1.2115477090059765,1.1156678257312334,321.8704561126966,338.93527334308243,151.03702363415533,281.8310958278021,118.41097918268113,212.221758690044,220.53330510132162,255.37608908866557,124.92962764764047,13.125,19.523809523809526,21.782178217821784
LEC,20,198.5886775828874,351.0,63.040014379634144,21.964285714285715,10097.178818419256,10.0,23.44689378757516,214.52844444444446,112.3,112.3,1.7784000000000006,0.6637017703758203,-13.740741853714448,-15.0,,1.189874287284468,1.1477295970546124,325.4559067043505,347.90068869135564,151.02792403076575,282.55967958115224,118.66268103512061,217.00609709537133,225.31107604797572,264.93090809123635,117.63432131639722,14.473684210526317,23.88059701492537,25.728155339805824
NOR,20,199.33253236598767,351.0,60.508552109327105,19.63963963963964,10023.735259798137,10.0,24.874976847564366,221.40116147070708,117.8,117.8,1.8801999999999999,0.8611172742431789,-13.934524612736684,-15.0,,1.2437315380916398,1.1033953773777867,325.00369215882205,347.58318527382926,153.75446702142318,286.16830459927826,113.33651455446085,220.87218043008036,222.6387163307467,244.40465160065412,122.74276452706395,13.815789473684212,21.0,22.772277227722775
OCO,20,198.66119727095193,346.0,63.21963409343795,24.013722126929675,9995.279858377075,12.0,29.610734411806796,212.98574763104057,121.51174244848484,121.64846118181818,1.895999999999999,1.0540675183940225,-11.3503090258726,-15.0,,1.2484715257264545,1.213080384536715,322.8791721318328,342.38619407201514,148.8183901501384,284.08812147243356,117.43220233089589,209.59798115887355,219.61779962269102,261.34839372723644,121.15956616111016,16.883116883116884,25.462962962962965,27.830188679245282
PIA,20,201.3341821474186,349.0,62.31456429393382,20.62937062937063,10027.719462294997,12.0,26.723028854989888,201.53035714285716,112.0,112.0,1.6963333333333335,0.8751122150266717,-12.552910052910661,-15.0,,1.1687504293467061,1.129934546942115,326.53695260649704,346.1062037037036,149.19379378057312,287.2445528043744,119.32449252304339,221.65077456138152,222.25312774308142,260.902417386901,125.60864330961304,14.285714285714285,21.568627450980394,24.75728155339806
RUS,20,202.73646285814522,352.0,62.61076360894623,19.786096256684495,10280.798565368821,10.0,27.825709550990346,220.02956023272728,114.5,114.5,2.1157000000000004,0.7755736006337497,-13.666666666667107,-15.0,,1.1184309953974032,1.0488852526078953,326.0935897024744,348.0481171668053,153.65024266391336,286.48614895889506,116.43066404920259,218.46468619591565,226.3054140526819,257.22660730082555,121.54969195502274,15.92356687898089,19.09547738693467,23.52941176470588
SAI,20,200.87139797719223,352.0,61.5747882857643,22.791519434628977,9951.62031229811,10.0,26.51893084072887,217.69241269841268,112.54749999999999,112.54749999999999,2.0199999999999996,0.6738143661276432,-13.537699963086032,-15.0,,1.1832108264065397,1.1333094702393127,327.55227977323324,349.10473405030757,154.3325026539293,290.5745280546417,116.94339006738677,214.68043735469402,221.57714868670706,254.0121449697231,119.04394863607874,15.0,25.773195876288657,26.066350710900476
STR,20,192.55169753417158,348.0,59.456471227264515,22.144112478031637,9978.249485029814,10.0,27.273664407391156,211.50612280130358,108.50571428571429,108.50571428571429,2.116599999999998,0.7710543690298364,-13.562499999999996,-15.0,,1.2558906368070344,1.133104929433422,323.2890506475568,345.10565963237684,146.29563664888505,284.16492852612686,115.29577167632173,218.53202846922727,219.63205564842823,243.2485364264704,117.05869192201519,16.875,24.137931034482758,24.390243902439025
TSU,20,201.43837909221173,349.0,61.3391354658836,20.16949152542373,9967.503989742681,10.0,26.65590501978755,219.3604989569079,110.4,110.4,2.0476000000000005,0.7980377434683144,-14.083333333333323,-15.0,,1.2542762931922786,1.1574452853344241,325.9413385171861,346.3403691415205,153.1499376019097,284.0188086766913,115.14419967439362,217.69978780754886,221.30151274247817,256.3415731464187,120.48106305095236,16.969696969696972,20.192307692307693,22.685185185185187
VER,20,200.43550885696266,351.0,60.773002544391936,19.3717277486911,9985.5859463314,11.0,26.139082424083078,216.91028302701204,119.46290198281008,119.46290198281008,1.807636363636363,0.9359104728675381,-13.163780663780686,-15.0,,1.2019990382633783,1.067447330742483,326.45992705258845,347.7860636613249,151.2189260319129,282.79682360567983,119.40538557710842,213.98199062916356,223.9429903462073,255.0743586488229,121.19861083472709,12.422360248447205,19.617224880382775,24.752475247524753
ALB,21,218.78478802709571,337.0,68.59981253866405,19.35483870967742,10326.271175287467,8.0,22.470129758896835,234.98462094545457,125.125,125.125,1.9676250000000002,0.9618313180464646,-12.328807145408785,-15.0,,1.074041762818709,1.3382472868703341,176.70376170879382,284.0820348072267,261.0819643859436,259.07752376730645,200.5626755950925,131.43443822797883,204.45313514358136,193.54209268725765,300.6323580798595,23.270440251572328,22.37442922374429,10.81081081081081
ALO,21,218.88585446617128,332.0,69.98755416432249,16.57559198542805,10489.552367072414,7.0,24.571077556034915,250.1649579143685,128.42857142857142,128.42857142857142,2.4571428571428577,0.6837214195795217,-13.75001142857164,-15.0,,1.28476951651939,1.1197540932187442,173.64804066963225,281.09413628114015,254.18443281362198,253.76689585114914,201.0668678025929,131.28485009812644,203.98705219403598,202.46199841273952,299.46132515186974,19.875776397515526,22.119815668202765,6.470588235294119
ANT,21,218.01980890047557,335.0,70.73360982738154,18.25242718446602,10643.957815500215,7.0,23.63779866542297,247.78199983850962,130.71428571428572,130.71428571428572,2.353142857142857,0.5132254944595656,-13.601190977443624,-15.0,,1.1604660325322227,1.0461702528072265,174.61596836601592,284.55483760683757,254.19501154555232,257.6891733003765,200.94629409578536,132.7925407147523,202.5661756916059,199.1746754669444,298.9722252374317,19.10828025477707,24.285714285714285,8.843537414965986
BEA,21,218.5842250636468,333.0,69.83042480211334,19.360902255639097,10555.385037292053,7.0,24.069959142713778,254.36813947012985,129.42857142857142,129.42857142857142,2.398571428571428,0.42621049700248154,-13.84920672050493,-15.0,,1.1408228738672819,1.0412772097108085,174.74625984467042,283.2917594764533,260.0813710242851,255.29665273407346,207.88312380388763,133.67436907611193,198.1975649092191,200.54788891388625,299.2074278320554,18.9873417721519,27.77777777777778,8.280254777070063
COL,21,216.38462035968365,335.0,70.58256211056985,17.843866171003718,10271.971859775333,7.0,21.747932948238763,245.66666797278913,130.14285714285714,130.14285714285714,2.194428571428572,0.8002047697117205,-15.0,-15.0,,1.2477627061405978,1.1247725989586599,176.77802256941413,285.8542576358198,248.52179155195782,262.53326736470547,202.32757453228945,128.98946853378172,196.7289593984818,199.758724650266,299.97540610677186,22.22222222222222,22.119815668202765,7.59493670886076
GAS,21,219.59632831541657,335.0,70.99644993677707,18.582375478927204,10487.285113523933,7.0,25.317434186981973,257.57436948490965,132.85714285714286,132.85714285714286,2.5265714285714287,0.4800936983378084,-13.740080033416856,-15.0,,1.2323689987054651,1.0560190703218115,179.89933864489106,281.80218667598075,254.05374796756,255.25876194558046,207.57511557197645,133.5672542330853,199.00335509100583,207.65588310843603,297.1374374206812,20.26143790849673,23.83177570093458,9.740259740259742
HAD,21,218.90518069176122,337.0,70.57099461285326,17.870722433460077,10379.403255660502,7.0,23.716234574080154,258.42857142857144,130.42857142857142,130.97030104514027,2.369285714285713,0.4783933570626096,-13.990929705215427,-15.0,,1.1807283165419036,1.0758421679944794,177.07840066451192,283.4107420231215,253.66384531975368,257.9094962300028,193.92577509758328,131.48662457000725,201.05174608118517,202.7700732948878,300.36368710411057,23.89937106918239,21.73913043478261,6.918238993710692
HAM,21,218.21330747454533,340.0,72.3551575876308,20.59925093632959,10471.836046480532,7.0,22.960466179159052,258.75802355918364,129.85714285714286,129.85714285714286,2.296571428571429,0.6655830649336945,-13.849206891873552,-15.0,,1.1348004727866268,1.054137130669343,174.24745804340162,283.4911981202482,255.29087901216846,258.12956750846575,198.77498425023018,133.93943715037236,199.82043783846805,202.98559317335352,303.80520634318077,24.539877300613497,26.41509433962264,8.860759493670885
HUL,21,219.18856367829008,331.0,70.46887578207752,16.472868217054263,10451.175202300488,9.0,20.168607558762584,224.5776244148148,132.67539687619046,132.67539687619046,1.5683333333333327,0.7309448983640587,-12.1797843853244,-15.0,,1.1349693251533741,1.0566463835393012,178.5604556387848,283.13631905833205,251.94505389693362,255.82918109866182,204.12984779216936,135.29233074381196,201.05848591207817,200.82268884514787,297.59903798183154,22.435897435897438,19.704433497536947,6.41025641025641
LAW,21,216.83451969275,336.0,69.99752330920273,16.789667896678967,10381.481403226624,7.0,22.243030736240172,253.7637883925702,131.67500004571428,131.67500004571428,2.222714285714286,0.6090099024026528,-13.601190476190494,-15.0,,1.205211909720268,1.060347531522489,176.5213631789537,284.90985152781195,251.94179617768128,259.0661445588557,197.7904236026878,133.2773738753331,203.40743021406084,204.05370282277096,299.4991972475748,21.11801242236025,18.807339449541285,9.876543209876543
LEC,21,218.16897210436392,336.0,70.69089943014218,18.461538461538463,10552.203875329444,8.0,21.45098207762067,241.58778406473527,129.79642857142858,129.79642857142858,1.8716250000000003,0.8888904512790095,-12.913773148148175,-15.0,,1.1627736815444363,1.0559563390000626,179.7694820059764,284.140553292276,253.25341284761166,263.51595294537657,190.67166421287413,133.19371734013123,200.77387485586667,202.86007270945285,302.4163731052023,18.421052631578945,25.821596244131456,8.441558441558442
NOR,21,219.85408768269332,336.0,68.34612245535516,17.94871794871795,10442.110511873778,7.0,23.364647322006604,252.9252344438777,131.57142857142858,131.57142857142858,2.320142857142858,0.5883734063552861,-13.855820798101147,-15.0,,1.2071255698767378,1.046672103381218,177.45413673857993,282.96602406252055,255.38867309439644,261.0451694637956,200.15058144420732,130.83426262353117,205.97580373152354,205.32825167781,302.51480957446466,22.485207100591715,21.818181818181817,7.6923076923076925
OCO,21,217.1049167541257,332.0,67.79061817489122,20.11173184357542,10347.967311295075,8.0,24.376047020074402,236.0635168254944,132.0,133.06882834,2.146250000000001,0.7384869243933857,-12.08767612293155,-15.0,,1.2607924804412676,1.0859419107960604,175.05618910562748,281.1975621267035,247.25219886965158,260.6150327512843,197.59318270546467,128.09327651636374,200.59887155507906,200.48809326627872,299.5560307985323,22.424242424242426,28.095238095238095,7.453416149068323
PIA,21,218.36057919106452,334.0,67.47218445949969,16.822429906542055,10394.94335719768,8.0,22.177990978735604,235.7336297142857,128.125,128.125,1.9360000000000008,0.8494686574559442,-13.15973599999948,-15.0,,1.2072662801823606,1.049244087572925,179.42348165802673,282.17627074827556,257.84333341249993,255.99046099978526,209.20781513659597,132.01826273998424,200.33974138475895,193.05186215151522,298.57950862882524,18.9873417721519,22.018348623853214,7.59493670886076
RUS,21,219.76850529112664,338.0,68.85123425599242,17.748091603053435,10491.319425007567,8.0,22.59587864911275,240.66248580244672,129.375,129.375,1.9737499999999983,1.0760452766961057,-12.335071111111166,-15.0,,1.089773174987336,1.0313656608744746,179.30418189064295,284.8052052215082,250.40322882230663,258.6926273393509,206.77796815280422,135.62923705046498,197.2533151802143,200.4961839310773,300.99622919185055,21.019108280254777,24.299065420560748,5.263157894736842
SAI,21,216.199404341615,334.0,70.07196400119342,20.373831775700936,10303.558283390934,7.0,23.062236407158316,256.8360131809524,129.71428571428572,129.71428571428572,2.3122857142857134,0.7769108634817249,-13.650795532039945,-15.0,,1.2553329205831034,1.0732074524810238,170.96364571530083,281.27583701007325,239.32798349543137,262.1763870368581,191.68200731783824,132.9389167770245,198.82176717965598,205.90550850026847,301.57646195623937,24.68354430379747,26.244343891402718,7.741935483870968
STR,21,218.35977681390457,332.0,71.60967346146131,15.0278293135436,10517.044279169824,8.0,22.074213674847574,235.84617235757577,129.0,129.0,1.9326249999999985,1.0107477352806702,-12.398640171401198,-15.0,,1.3283615692013282,1.0434100746502728,177.78477912300463,282.1529383439844,253.25937626531453,260.0467045702434,202.22472385683017,133.94350461028517,203.2308653415418,197.37032967412426,300.39055795857485,15.976331360946746,18.98148148148148,8.49673202614379
TSU,21,218.43998349954012,338.0,67.98020809882242,18.24953445065177,10308.465787234585,9.0,23.59321746262955,221.73112289862433,122.89212965925925,122.89212965925925,1.853666666666665,0.9623667584542694,-11.607510672666432,-15.0,,1.3317949006585241,1.1514961420237124,177.32297918659123,280.9744322376301,258.7744277636913,265.6144120992007,205.47628179542883,130.24427515767167,197.46435808499155,199.77914535815094,300.9430818703785,18.787878787878785,23.943661971830984,10.126582278481013
VER,21,217.46572055404516,338.0,67.83782492699625,18.91385767790262,10311.803318485085,11.0,24.003238498359444,213.07386244385108,132.63636363636363,132.63636363636363,1.5362727272727275,1.13868042375287,-10.403923180910963,-15.0,,1.1769009962289638,1.0540743993475943,169.90803295801834,285.658037118396,250.20558131346044,257.4090299685085,199.0061325749946,133.22710178625636,197.7642835370657,201.30710764054612,300.764263032303,22.641509433962266,22.685185185185187,10.126582278481013
ALB,22,191.19484218132322,330.0,51.0554207728324,29.284903518728715,9563.823692602573,12.0,31.711409395973174,220.21976953852604,125.55243057777778,125.55243057777778,3.0712500000000014,2.2765812865273825,-9.674130024712026,-15.0,,1.4580370229629227,1.2879077247826305,165.92254103584045,225.9960538513022,124.02425010411397,160.38354632061427,166.3126000980594,283.88861792613307,326.2706576244054,167.7329477326878,223.24463190543506,37.577639751552795,23.1023102310231,26.27450980392157
ALO,22,203.55666381068357,329.0,59.44175581940345,20.983213429256594,9776.69107034117,10.0,25.863738512414812,222.79512753828573,107.7,107.7,2.8312,1.888349798104154,-10.622004139239024,-15.0,1.2078212290502792,1.2008305738016394,,177.37777650801615,256.5373335190985,134.51245244773997,163.55281815935555,175.2146255463836,284.355238490234,324.9794300239511,180.70183657416277,232.9996703362298,28.000000000000004,17.05685618729097,17.094017094017094
ANT,22,188.43858143238293,331.0,53.073667170113914,21.71945701357466,9845.439556164838,13.0,27.38793266502743,222.08012187419456,139.07692307692307,143.46153846153845,2.4504615384615387,1.8077880498377286,-10.283237915940918,-15.0,,1.3743553553010153,1.6412524501181083,156.5410425129943,247.39075088128888,127.31696382448443,149.3779760405651,172.66841122810683,273.36378796575,322.27574761603563,174.72151090869318,197.48171105462248,28.846153846153843,17.405063291139243,18.43137254901961
BEA,22,197.11524944906904,333.0,56.35613732305297,24.33061699650757,9944.237435542702,11.0,26.328540859815746,190.72025949544275,83.11495350584757,83.11495350584757,2.7069090909090927,2.2158369834421676,-9.55875705761399,-15.0,,1.2831822376635362,1.2929084786651255,167.1790560258724,248.23259517996036,122.86865293711371,160.28005432421074,169.9814473937422,279.00987870317687,325.52306101153977,183.89795995656942,226.5072933940144,31.907894736842106,22.58064516129032,17.21311475409836
BOR,22,190.64848609411843,332.0,53.425126039776046,24.18079096045198,9788.552518091134,12.0,27.148293535834878,238.51851006288953,141.71630956190475,141.71630956190475,2.639583333333332,2.30148178565945,-10.512493764568713,-15.0,,1.3098908854025297,1.3781223299994976,163.02294809656897,242.74294160733862,124.40694768116522,163.76275953164102,162.71141670469117,279.5285486608094,326.32793763221434,162.2494054827882,215.00986168057062,32.1875,17.91530944625407,21.78988326848249
COL,22,195.49402252941442,329.0,57.734801907267496,22.711471610660485,9488.213089827752,8.0,25.89745168582813,225.88794989367477,87.375,87.375,3.6801249999999994,1.387533822785952,-11.933710317460392,-15.0,,1.2063405895445416,1.109363220586018,170.11404473850595,242.39910923271975,126.80809131088931,152.12752351669084,171.06250839693007,280.8168038432535,325.2742625752502,170.04180242411755,221.9178900539194,30.28391167192429,18.151815181518153,18.59504132231405
GAS,22,198.38970684004306,331.0,59.81225391512982,20.451843043995243,9586.032903406103,9.0,25.700197238658784,209.83915622263112,87.4819444148148,87.4819444148148,3.1851111111111123,1.842852043524111,-11.162552315973418,-15.0,1.44929346040092,1.1805819445198416,,171.35489929375083,245.15938547548578,127.66268957290329,160.29362591077935,170.00776412382544,282.3421385952644,327.3205059814387,182.98886201267237,222.22227228716463,26.666666666666668,16.083916083916083,17.573221757322173
HAD,22,201.6437649440256,338.0,59.692445882640115,22.56902761104442,10039.775130758298,9.0,24.35511254723698,222.4093142494364,91.24717800070546,91.24717800070546,2.964666666666667,1.878051413330082,-11.869864208438543,-15.0,1.0136707196845218,1.1780847945279844,,176.47761956432075,254.8364532787404,127.95648596719894,157.98999297168214,181.93387849057802,285.30970545080703,330.43480651660207,173.97271215199308,229.2648911746542,32.20338983050847,18.543046357615893,15.74468085106383
HAM,22,190.99377794219228,332.0,54.795204435176636,26.996625421822273,9398.393179365274,12.0,28.09204627929812,224.00675519562313,129.04548617777778,129.04548617777778,2.741666666666666,2.236586436713073,-10.5245335526164,-15.0,,1.3271266489332827,1.3152736593456302,163.08957879346218,242.23758343648245,125.41533012342585,152.26986043438401,161.79935832262544,278.40140897615873,325.7204497332401,179.56632030057375,205.95136276366208,35.49382716049383,24.437299035369776,19.367588932806324
HUL,22,198.16291154761555,329.0,57.40220610370638,21.176470588235293,9494.612996644204,12.0,25.410308473945058,233.73258592000002,141.2208333037037,141.2208333037037,2.3881666666666646,1.9884741148819502,-9.537964955049942,-15.0,,1.177949079854514,1.2334020204050864,175.5901994137759,238.16771681044088,130.3962315870404,159.98470773058898,171.92047263881517,283.3271928021661,322.96872789744543,182.00531347134424,224.42176753617989,29.841269841269842,14.715719063545151,17.872340425531917
LAW,22,201.88293672496988,336.0,61.08745213989973,20.96385542168675,10075.816099845228,8.0,23.73604005061342,237.16885224253969,92.25,92.25,3.235875000000001,1.812942114182085,-11.663984484770207,-15.0,1.2410121590535657,1.164567613050323,,176.18064824407764,244.6035417740817,132.07642813206394,165.7987939358203,179.13510942018286,282.0533735561326,328.8681161880913,188.35164032376537,227.93558795245883,30.303030303030305,14.576271186440678,17.29957805907173
LEC,22,201.53876685134966,328.0,60.81027874657768,21.676646706586826,9970.142513197454,10.0,24.467562254259516,232.50549009830874,124.11708330666666,124.72558340266667,2.6883000000000017,1.8149191745088833,-10.189081372926363,-15.0,1.0145580019717384,1.326963791325118,,178.17088468490266,250.07264481665246,130.2392711341306,161.2753915704034,183.18038654855377,286.96270732616273,323.1215962866643,183.96484139850494,225.29062315762474,32.64604810996563,17.16171617161716,14.166666666666666
NOR,22,205.59857769314826,331.0,63.11116101612207,18.627450980392158,9802.300151673504,8.0,23.50510497155669,262.9499351796985,120.0,120.0,3.1712499999999997,1.5075827299024107,-11.89236393935104,-15.0,,1.113321752347864,1.0357340302558176,182.5728333683488,243.51215058278072,137.90524842289386,166.95470950176792,187.86071884339307,288.39783894397164,327.4032985697646,178.65674756823418,218.18860230654684,27.364864864864863,12.280701754385964,15.384615384615385
OCO,22,197.13653553333057,334.0,56.0952528192269,26.783625730994153,9647.111618902869,11.0,30.60440581659837,208.69814338256822,105.10454545454546,105.10454545454546,3.1435454545454538,2.685219116288155,-9.799660019924408,-15.0,,1.3053037294392271,1.2604915313866412,166.07775481181773,254.53990504545783,127.31539944605235,158.82877363647958,168.4165775838768,280.2669683089226,327.52276735966234,181.77767150994163,225.08620666107277,29.126213592233007,28.428093645484946,21.951219512195124
PIA,22,203.4023477101417,331.0,60.47789268876676,17.122473246135552,9861.392839322622,11.0,24.30869760740081,218.8970375925659,116.9090909090909,116.9090909090909,2.4079090909090906,1.832939093098367,-10.609233478554751,-15.0,1.0134406835359842,1.388279680799088,,181.4686412192103,250.14311978120753,129.59565660151657,161.14344470139326,181.81163368466545,288.34245747346034,325.89752619695105,186.68372162686953,224.68417670569806,24.333333333333336,12.080536912751679,14.46280991735537
RUS,22,204.99247985808694,336.0,61.03094727930335,21.299638989169676,10239.761946788782,9.0,23.64732590094024,216.90872719615106,91.55555555555556,91.55555555555556,2.8587777777777785,2.1163280977400336,-11.266658252589373,-15.0,,1.1142446121274634,1.039478313313565,181.83751800035395,253.78223259259818,136.59628364102684,160.42549302481265,178.48544460832665,286.51141842747563,331.32838419415316,183.2318858958542,225.01246915573583,28.619528619528616,19.732441471571907,14.102564102564102
SAI,22,204.1299394506293,334.0,59.693045410222425,24.908869987849332,9650.609118533028,11.0,24.9538302430376,228.84619399453632,124.42138358796224,124.5117263032274,2.4567272727272726,1.727842116677705,-11.180149631542093,-15.0,,1.3711524890071114,1.0388500779011913,177.4131479159671,249.01785677530145,134.97968931740874,165.93536952132186,184.63279844476466,289.0643064760037,330.27995703053244,187.3115538217188,229.01926471101072,33.222591362126245,22.887323943661972,16.877637130801688
STR,22,196.69486370158364,325.0,57.698145179968684,23.130841121495326,9721.689227477369,9.0,26.11608329641116,258.4376263996981,132.0088888888889,132.0088888888889,3.2746666666666653,2.056793297020062,-11.171746916293671,-15.0,,1.1558275880788231,1.0690807659446149,169.43136306884543,234.53462977672444,128.72611698205293,165.0897956681562,171.0613572342969,287.7480500110306,320.81931032522306,174.7903083133586,224.51693959485675,32.362459546925564,19.063545150501675,16.599190283400812
TSU,22,190.08353315296557,326.0,52.40083274113891,22.15909090909091,9771.317999227167,11.0,28.196544461377766,199.08350404911454,97.36363636363636,97.36363636363636,2.993909090909091,2.2696948715449294,-9.891873309274404,-15.0,,1.335133814668042,1.52965271146404,161.472394249605,231.043887318965,123.1468052023815,162.79817217609283,158.70411876269895,278.48446000946115,321.49835206943465,176.751629618797,215.56528137433412,31.874999999999996,14.423076923076922,19.4331983805668
VER,22,205.87499217422027,331.0,60.62487492809009,21.43727161997564,10041.28752682171,8.0,24.379023989210854,233.09791883598666,90.375,90.375,3.2989999999999995,1.666814776752354,-12.075622860328192,-15.0,,1.1348732424949786,1.2267678544504197,180.06986653726648,255.9120460685753,127.5010592058332,167.15306211300663,187.10563208421942,287.81813644408544,326.36112675361437,190.6656982404786,227.72605467682052,32.0,15.517241379310345,15.217391304347828
ALB,23,239.8228959364665,327.0,79.76509244799641,12.60096930533118,10895.827464768647,10.0,20.915551476515905,273.8853158948077,194.0,194.0,1.6864000000000008,0.7947540751704256,-12.555037847500392,-15.0,,1.119283777257699,1.0825127918476156,276.3326325697011,218.3275583580651,247.24341467367603,185.9548855785641,213.036343005497,220.7404236054264,287.34043027341323,274.57142569656895,241.69206470787194,14.14141414141414,17.22689075630252,4.945054945054945
ALO,23,241.9304052608958,324.0,78.8897113857981,13.247172859450727,10989.319769363035,10.0,18.762387962951415,266.8943623579055,193.6,193.6,1.5050999999999994,0.753644670915944,-13.415454618597323,-15.0,,1.100115160295702,1.0998409081136862,274.37375129566993,217.3411891646644,254.53020091367645,189.52044470047494,215.71363552619147,225.20454995059401,285.52513508215037,275.9393147919533,237.16517825968666,14.0625,19.06779661016949,5.263157894736842
ANT,23,245.25844256421607,328.0,80.96231132681503,12.376237623762377,11242.954251371119,10.0,18.211306765523616,268.53864468251123,190.8,190.8,1.4540999999999986,0.6347686901541394,-13.909740740740784,-15.0,,1.117240610721052,1.1131702283183558,284.181094620144,219.66085074820663,260.0177122520221,194.69557717093764,215.64729789230432,224.21942632400894,290.4428216216733,273.8746772263236,238.5624477869228,12.626262626262626,17.56756756756757,5.9459459459459465
BEA,23,242.17643883847134,324.0,81.33631134316636,16.58456486042693,10903.963683925534,9.0,21.115641860812048,273.52438174814813,184.56777770666667,184.56777770666667,1.8872222222222217,0.6173041349786387,-13.413419630504563,-15.0,,1.1183550651955867,1.0954981295953907,281.7555080354381,218.5076812622371,255.8305632118993,186.14604376812233,216.98600855381287,225.252870426576,287.01760874043623,270.5180017875296,240.32500346977312,19.473684210526315,15.584415584415584,14.973262032085561
BOR,23,240.9912384878966,326.0,80.30715409672754,12.824675324675324,10914.374916671808,10.0,19.92574564780091,267.9361668136563,190.4,190.4,1.6046999999999987,0.7050661032839415,-12.474733359463988,-15.0,,1.10390430550912,1.132390248097347,271.3793218405659,220.84024168466397,254.6799480544857,188.38377817129492,213.12209893211357,222.56081577662357,286.5312033664611,274.1818640186025,240.13592917108892,14.358974358974358,17.94871794871795,4.838709677419355
COL,23,239.3804035876963,328.0,78.52328202011685,14.006514657980457,10741.559856321035,9.0,18.84343764250588,272.7572208460976,183.44444444444446,183.44444444444446,1.698777777777777,0.6228336281825705,-13.774251351197627,-15.0,,1.2174672164642075,1.4039643978157113,269.40909859421885,216.19293008633895,251.80726608133796,182.5652166614586,216.1833873321101,220.87621934176775,286.1688330572191,274.7293895210186,235.37454885887016,17.258883248730964,16.52173913043478,7.526881720430108
GAS,23,242.00906702973177,327.0,81.16991700089939,13.183279742765272,10862.469542483854,11.0,21.118221204123287,270.0366540054467,199.1818181818182,199.1818181818182,1.5420909090909078,0.821366539211051,-11.36708011826552,-15.0,,1.1552063598202014,1.1369480156512017,279.63586659969974,221.98161288949993,253.01779127942498,188.11840453720907,213.90723662280348,221.63685191231428,287.0760362855568,275.0145572803083,234.0281239994206,15.897435897435896,17.02127659574468,5.7591623036649215
HAD,23,242.31341535122232,325.0,80.32726633961529,12.479474548440066,10812.701899668624,10.0,19.377387223206917,278.3044778540153,199.8,199.8,1.5523999999999991,0.7632700963617022,-12.186510349992314,-15.0,,1.0991864482335896,1.1081394848862707,271.78821720840926,223.42094851686184,254.5634954438316,188.1150340839994,217.1892707250695,223.28316539889948,286.8800371168782,276.44516086654824,234.65142660494888,13.541666666666666,16.450216450216452,6.486486486486487
HAM,23,241.6952905298744,325.0,82.47409717175894,16.451612903225808,11075.100949517024,9.0,20.331986107506175,276.14141871407406,181.22222222222223,181.22222222222223,1.8277777777777802,0.5363713012825224,-14.104987654322748,-15.0,,1.2047624354545117,1.1414627853979447,272.0462742793074,223.50001102581334,252.88839771918217,189.46356805603926,215.12569916576078,220.32773874319346,288.9538839885522,271.4332769404591,232.92111137477937,19.19191919191919,18.421052631578945,11.398963730569948
HUL,23,242.93640079914064,326.0,81.32223375321482,10.876623376623376,10948.396722330872,10.0,17.857453984294303,271.291678711342,196.1,196.1,1.4349,0.6748055201315407,-12.83912086333421,-15.0,,1.1186894015379472,1.1145891559530463,278.99209987366106,220.50549453445817,255.5463135573565,187.9951812088499,215.0892185108971,224.0050603983715,285.8242907269889,275.4954754760419,241.81145791507026,13.06532663316583,15.584415584415584,2.7027027027027026
LAW,23,241.75360325323288,326.0,80.85113827223799,11.308562197092083,10877.027408784834,10.0,20.981437967003572,270.16624928,191.6,191.6,1.6875999999999984,0.6566976777787477,-11.905097737373808,-15.0,,1.106021769010736,1.1052586318097775,280.0491600088182,216.85653841143787,256.3679878717385,187.32974675470587,212.90104107268817,225.03966998090442,286.31096058735636,278.81041273089886,240.2153904253114,12.371134020618557,14.937759336099585,5.46448087431694
LEC,23,240.2957440132999,326.0,79.77302883726726,16.129032258064516,11030.152569279433,9.0,18.001568276016567,278.39930549841273,187.22222222222223,187.22222222222223,1.6069999999999989,0.6823731465342933,-13.503827257881628,-15.0,,1.1490768602102603,1.1487294147998452,267.7948270164442,216.97409878702922,256.94451958785555,186.51894855783507,214.58119124539155,217.8486352665482,290.17030563849045,277.4902523911935,238.10106815953114,18.229166666666664,21.09704641350211,7.894736842105263
NOR,23,244.29557819552795,325.0,78.84616146832872,10.927152317880795,11009.897827632378,10.0,20.41763632932887,273.3743892516017,195.4,195.4,1.6230999999999987,0.6582398423067375,-12.265047568544071,-15.0,,1.1005237936030312,1.0852216536956616,271.09946359927585,220.002369085271,259.7924597888799,194.22163138167764,215.42157850138196,226.05634604429358,290.5842911371299,281.9408121064274,235.6898402403611,14.516129032258066,12.554112554112553,5.376344086021505
OCO,23,239.23565623605825,326.0,79.33178794616718,16.775244299674267,10787.468688749119,10.0,21.80574792243768,267.5108744228571,188.86611114666667,188.86611114666667,1.7633000000000005,0.7449915502876507,-12.565974225943958,-15.0,,1.1404212637913742,1.168336414842843,281.4844135850281,216.92266692862555,248.09595609404863,185.95314224464133,215.13244789191185,215.22501612974122,285.6697825807011,274.80175872484847,232.84556103684247,17.2972972972973,21.27659574468085,10.880829015544041
PIA,23,244.29095906151082,327.0,80.01830071958989,10.83743842364532,10954.549237698408,10.0,20.2148966455465,273.52622054870545,195.9,195.9,1.6047999999999998,0.7544396331052611,-12.583348311820007,-15.0,,1.0909023366395483,1.2078084017715096,289.04508620159373,222.28394188149002,259.77950537869964,191.70716461974197,217.07161884169628,222.92995213782407,290.7571304975088,282.3612435426528,238.788569668024,13.333333333333334,13.559322033898304,4.519774011299435
RUS,23,243.12948612861865,327.0,80.31641567397071,14.527027027027026,11265.840758065895,8.0,18.16549923426476,277.6949395428571,182.27767862857144,182.27767862857144,1.8088749999999996,0.6356426742872112,-13.516593041101668,-15.0,,1.1292395705635425,1.1039686975964225,279.54895724158837,221.14117467501794,258.66435019263514,186.2962782718734,217.6170778311688,219.45233433508656,289.61677033545175,278.3148619825104,238.9505030577184,16.483516483516482,16.143497757847534,10.75268817204301
SAI,23,239.4469259760572,326.0,79.32722477013753,12.866449511400651,10938.414780379173,11.0,19.68947427446386,254.307851176492,182.36363636363637,182.36363636363637,1.4364545454545448,0.6371101465547198,-12.456683374514672,-15.0,,1.1244845648055277,1.0747301887603733,270.71866584665094,221.21958958700998,254.0372720951066,181.9464485726015,214.40105419474867,221.45928529844034,287.48247747598055,276.01541657374844,237.16205519910218,15.730337078651685,17.479674796747968,4.232804232804233
STR,23,240.04223404973064,326.0,79.68132028909191,10.08130081300813,10957.251081693832,12.0,21.493251745663596,253.76296608639498,186.16666666666666,186.16666666666666,1.451833333333333,0.7903268135538747,-12.040224174539619,-15.0,,1.1283851554663993,1.1607258029840477,268.5559463962508,212.51428709606733,253.69456293869695,185.65183447663986,212.8198839508155,222.3760532033783,285.7628800460766,274.5361177918583,234.87705261708567,14.499999999999998,12.663755458515283,2.1621621621621623
TSU,23,238.53945795105827,327.0,77.79224346736912,13.754045307443366,10738.636909509065,10.0,20.56438132266813,270.365185152,187.0,187.0,1.6608000000000007,0.6492627819303995,-13.746531167383466,-15.0,,1.188565697091274,1.2921700993249343,280.14765584386504,218.59601415568966,252.88637830299564,182.76798641225182,210.23032860325216,216.01304514212157,288.3221315232814,272.54447083907786,237.34326001692003,16.0427807486631,17.00404858299595,7.103825136612022
VER,23,243.06856610393348,330.0,78.67744056338665,12.335526315789473,10887.25516098833,10.0,19.11965951463262,269.9561483999913,194.1,194.1,1.5229000000000028,0.7808736709609317,-12.712224168274064,-15.0,,1.0809093948512203,1.1433976867179774,283.4721055462011,220.9180443667016,260.6405615781669,189.73764598810402,210.69172743936525,222.91285129466343,288.81674769860115,278.9519997729524,238.7572851263386,11.6751269035533,17.982456140350877,6.043956043956044
ALB,24,224.6486945568385,327.0,75.51718678099813,15.165876777251185,10528.408098305486,8.0,18.53361465426294,251.64417058666666,126.75,126.75,1.932499999999997,0.970460715330611,-12.523150899470945,-15.0,,1.2255390646877626,1.2519940516425576,229.32844425649068,285.3592829790338,195.06880916913036,311.0944726534485,176.0959659878136,287.25219676284775,234.0942566462095,197.17146377096554,207.5876060744729,12.562814070351758,12.82051282051282,19.327731092436977
ALO,24,228.23639811239417,330.0,74.61802466261415,13.72854914196568,10666.049689907557,10.0,19.011356367893217,249.11570731073016,148.5,148.9825437977127,1.5753,0.9989099108528262,-11.093256567715681,-15.0,,1.1655278633436013,1.3227659862106258,229.2109182182777,286.58157379675856,194.51671306627733,314.6996467254518,172.7136121621746,294.8183895483376,234.64169577596832,199.56451164341703,214.46795866766556,11.538461538461538,10.152284263959391,18.72340425531915
ANT,24,229.85484652256284,331.0,76.6816605928867,14.375987361769353,10717.043475476614,9.0,17.36193210606317,253.62739752845695,146.88888888888889,146.88888888888889,1.5991111111111114,0.9787837628000303,-10.739458253315107,-15.0,,1.2380565667880146,1.2068406110585372,226.4858308394729,287.83009358220545,205.57082447493593,314.79480253252524,177.02938534884393,288.7863245605828,237.08846185210186,211.4670816384849,209.29953120276224,11.374407582938389,14.432989690721648,17.180616740088105
BEA,24,226.28301635872646,327.0,76.2217066937162,14.890282131661442,10590.88741509115,8.0,19.090569718572766,259.3182198063492,134.625,134.625,1.9816250000000013,0.9372427563737131,-12.214509216192933,-15.0,,1.2315037804536544,1.1596255238610247,230.97109799149615,286.4535656846437,196.4276241770353,309.5245702874821,167.5747016777627,287.1498630873808,242.6404300508978,204.50587661892962,210.50155558624692,14.761904761904763,11.282051282051283,18.103448275862068
BOR,24,229.2194441254062,329.0,77.20758287979463,13.738019169329075,10705.154024042145,9.0,19.072326664575133,246.6866983461619,135.00972231111112,135.00972231111112,1.7562222222222217,1.0123790218839057,-12.400550183078927,-15.0,,1.151974236908429,1.1901784507232662,229.96599741608463,285.176212497852,193.51603088722084,312.06867347028634,172.32890955189143,293.60957407268467,245.87004541552713,201.4996821367438,216.9342040444634,12.560386473429952,8.854166666666668,19.02654867256637
COL,24,224.46078136567928,329.0,73.82957274513804,14.98422712933754,10538.173030080177,9.0,19.562522350697343,246.6054634508642,132.11111111111111,132.11111111111111,1.8234444444444446,1.112965918526917,-11.8470473779719,-15.0,,1.2212265471856623,1.2827497634176017,227.89336353520852,286.7088198555855,190.5885934245342,309.64481593038147,171.73048593996475,291.7540724725054,238.10375145434745,197.7933025143624,207.10756592666633,14.634146341463413,10.416666666666668,19.06779661016949
GAS,24,226.28150310071663,329.0,75.25223408383924,15.165876777251185,10580.621826371136,9.0,19.68179422053963,243.26665614157224,131.33333333333334,131.33333333333334,1.8253333333333355,0.8778855911285395,-11.56036836513363,-15.0,,1.216802016241949,1.2465864539678249,226.33019556262627,286.24701219286794,196.6204394959627,313.02276980386245,166.80029959036995,292.15717100949917,240.80438634089998,195.17266006381058,212.77506685243472,12.918660287081341,9.693877551020408,22.026431718061673
HAD,24,227.48157027266714,329.0,76.33244399773108,14.08,10495.906245437729,8.0,18.035591647890932,257.62455177142857,133.625,133.625,1.8711250000000046,0.9750258249784935,-12.986111111111065,-15.0,,1.290646877625315,1.2068744085440044,227.57187149726244,285.7492641572186,188.79204970447591,313.7318119425284,178.13674770529607,290.48124694389844,240.7284815620272,206.269429121443,213.70059520595868,12.935323383084576,12.5,16.450216450216452
HAM,24,226.25636054852924,326.0,77.55244964701134,14.645669291338583,10550.99003204499,7.0,18.38021920042211,275.81323135476265,131.71428571428572,131.71428571428572,2.1897142857142877,0.8057812028949123,-13.849206349206339,-15.0,,1.2598151778213384,1.2037650398810327,225.03337993397307,283.17461540881055,193.05539635793752,309.9403009774743,173.37398094173955,290.1680490004605,239.8858461479151,202.6379212523817,210.3755681232176,12.440191387559809,12.307692307692308,18.695652173913043
HUL,24,224.37328020150517,331.0,74.24881408842593,16.560509554140125,10564.916660719739,9.0,19.414020371479904,251.4485048150072,138.11111111111111,138.11111111111111,1.8001111111111088,0.9903872917471838,-13.086422986224001,-15.0,,1.1935032203864462,1.1740232526700014,227.8198102917098,285.2663779084551,190.78436358096548,312.8924591082081,168.64654638152368,290.8429481556042,245.32660825710397,199.23411966650585,205.4004484896393,15.714285714285714,12.56544502617801,20.79646017699115
LAW,24,227.24260642297975,329.0,77.5413670105819,12.057877813504824,10521.69598133598,8.0,20.216184985013903,257.6548913269316,133.0,133.0,2.099375,0.8459085260091649,-12.765053922607528,-15.0,,1.273732847941753,1.2641611464107072,230.49220246338433,285.4125166196776,196.45472762190167,310.65912024949165,171.50769810169308,291.68015625473765,236.40899562863285,197.62383844514179,208.2016855686676,9.595959595959595,6.7357512953367875,18.695652173913043
LEC,24,225.77199230226512,328.0,76.45210779280256,13.787638668779714,10667.458709545584,6.0,17.00834038438295,296.0640842905487,128.88083328000002,128.88083328000002,2.3451666666666693,0.5204525007678948,-15.0,-15.0,1.2666389844584174,1.3859703164379726,,226.59873481370778,285.00085908030815,197.0563535405049,311.67131082945986,170.77193484964042,293.21447728137207,241.08687472888462,202.85248511385026,212.31399455700938,13.20754716981132,11.34020618556701,16.517857142857142
NOR,24,228.0247149084115,329.0,74.32419968773135,13.162118780096307,10628.310502883793,8.0,19.698330259198155,260.692537395671,136.875,136.875,2.029125000000002,1.011243595467977,-12.118056427386058,-15.0,,1.16155138616634,1.2034270650263619,231.36128220025006,286.70295980255156,192.91403699194495,312.70777585646107,173.9590122807213,291.4075658545645,244.8229793702004,203.04748940229962,210.36598755835632,13.084112149532709,9.94475138121547,15.859030837004406
OCO,24,226.41163514224723,327.0,74.97048289332204,15.384615384615385,10490.794977774505,9.0,18.99099055636631,243.04067129381338,132.77777777777777,132.77777777777777,1.7495555555555553,0.9478513844024189,-11.363169879665817,-15.0,,1.2122654718566228,1.268284439637691,227.95997103619243,286.8898071949342,195.6987265987428,310.74408405732066,170.98744453727647,290.61964708268505,234.9148660935791,203.36446631235376,213.3870413230766,14.499999999999998,11.5,19.491525423728813
PIA,24,229.6281933787909,328.0,74.54116024007408,13.461538461538462,10478.94175773587,9.0,20.15963705617622,241.68759833429704,131.77777777777777,131.77777777777777,1.8465555555555544,1.0032261416839285,-11.591190540982504,-15.0,1.0036184600783011,1.0061607392887146,1.0,234.32368515959124,286.38437486633245,196.93363983708397,312.55476859104886,173.08554652828502,294.83676625970594,243.3206830083054,206.07177399793292,213.22084885244996,13.043478260869565,11.229946524064172,15.72052401746725
RUS,24,226.81385911597005,331.0,75.34076148792573,15.048543689320388,10599.735713041806,9.0,19.805190876641042,240.83059117252526,132.66666666666666,132.66666666666666,1.8186666666666653,1.0928351507279876,-12.67976353668159,-15.0,1.7177601138925138,1.428731447773733,,228.60302327953536,287.47106916203853,197.67925734892347,314.1009430276949,170.31532392333503,292.024961147568,238.08529997989874,193.54848143646652,214.3517753640122,15.151515151515152,12.371134020618557,17.333333333333336
SAI,24,224.85160699015148,328.0,73.71714829824599,14.808917197452228,10532.893751676102,8.0,18.9410177982226,260.09447944,132.875,132.875,1.9661250000000015,0.9711573556200847,-12.696760551248941,-15.0,1.0033811840075928,1.0058807056846821,1.0209206435041234,230.44262791854544,284.65564773405106,196.75906938319065,313.98777842400915,169.5487704610646,293.93780977218825,238.566583579033,197.56210449208064,211.64874061847004,13.366336633663368,12.432432432432433,17.916666666666668
STR,24,227.36071219382234,330.0,74.82193252441084,13.722397476340694,10592.731861664219,8.0,18.78286821425564,262.0029589076152,134.625,134.625,1.9510000000000012,0.9112466735193043,-13.633930591537666,-15.0,,1.238224586950434,1.1387386778423685,238.05950255700324,286.0509530266238,193.79673500354727,312.58767503254427,171.2929030575323,295.2197033760274,237.69542015809841,204.92893439257838,209.669692790451,11.650485436893204,10.9375,17.872340425531917
TSU,24,227.72072375530198,333.0,76.22526977408563,13.02250803858521,10518.68720580019,8.0,20.329021846472546,253.55596958051285,130.0,130.0,2.110000000000002,0.9733157247265645,-12.696760800875058,-15.0,,1.1524502940352843,1.250844937136677,231.5742164986524,287.5028357157233,192.1367401052223,314.25685587348727,173.2737783855701,288.0910247624691,234.54812850258273,201.56185180789657,217.64185609699865,10.83743842364532,11.29032258064516,16.379310344827587
VER,24,229.86775430476862,331.0,76.16492190162954,14.100486223662884,10517.083173656207,8.0,18.62493461627355,258.53337943714286,134.25,134.25,1.9138749999999995,0.9137896964701466,-12.78769966566033,-15.0,,1.1995239428731448,1.2234689739083413,232.7983499636127,286.7004272073124,199.0155516981745,316.187967923128,171.47004685802872,290.8874132251149,244.73986910229152,208.77512888853732,212.45519162777103,13.23529411764706,11.229946524064172,17.333333333333336
